Record Length,2.50E+03,,-0.002042,-2E-06,-50.4,,Max V = ,51.2,,,,,,,Water thing,,,,,
Sample Interval,2.00E-06,,-0.00204,0,-48.8,,Min V = ,-50.4,,,,,,,Time(s),Height (cm),,,,
Trigger Point,1.25E+03,,-0.002038,2E-06,-44,,Vpp = ,101.6,,,,,,,0,0,,g,9.81,m/s2
,,,-0.002036,4E-06,-40,,TauVal = ,64.2112,,,,,,Lap times,11,0.5,,diameter,0.0635,m 
,,,-0.002034,6E-06,-36.8,,TVShift = ,13.8112,,,,,lap1,28.26,28.26,1,,Area,0.003166922,m^2
,,,-0.002032,8E-06,-33.6,,Tau = ,0.000048,,,,,lap2,18.64,46.9,1.5,,r,743000,1/m*s
Source,CH1,,-0.00203,0.00001,-30.4,,,,,,,,lap3,21.83,68.73,2,,theo_tau,239.8596183,s
Vertical Units,V,,-0.002028,1.2E-05,-27.2,,,,,,,,…,28.61,97.34,2.5,,,,
Vertical Scale,2.00E+01,,-0.002026,1.4E-05,-23.2,,,,,,,,,29.23,126.57,3,,Experimental Values,,
Vertical Offset,0.00E+00,,-0.002024,0.000016,-20.8,,,,,,,,,35.42,161.99,3.5,,TauVal =,4.0448,
Horizontal Units,s,,-0.002022,1.8E-05,-18.4,,,,,,,,,39.23,201.22,4,,,,
Horizontal Scale,5.00E-04,,-0.00202,2E-05,-15.2,,,,,,,,,56.85,258.07,4.5,,,,
Pt Fmt,Y,,-0.002018,2.2E-05,-12.8,,,,,,,,,59.55,317.62,5,,,,
Yzero,0.00E+00,,-0.002016,2.4E-05,-10.4,,,,,,,,,103.62,421.24,5.5,,,,
Probe Atten,1.00E+01,,-0.002014,0.000026,-7.2,,,,,,,,,160.16,581.4,6,,,,
Model Number,TDS1001B,,-0.002012,2.8E-05,-5.6,,,,,,,,,,,6.5,,,,
Serial Number,C056875,,-0.00201,3E-05,-3.2,,,,,,,,,6.4 cm is the max,,7,,,,
Firmware Version,FV:v22.16 rus,,-0.002008,3.2E-05,-1.6,,,,,,,,,,,7.5,,,,
,,,-0.002006,3.4E-05,0.8,,,,,,,,,,,8,,,,
,0.000047,,-0.002004,0.000036,3.2,,,,,,,,,,,8.5,,,,
,,,-0.002002,3.8E-05,4.8,,,,,,,,,,,9,,,,
,,,-0.002,4E-05,6.4,,,,,,,,,,,9.5,,,,
,,,-0.001998,4.2E-05,8.8,,,,,,,,,,,10,,,,
,,,-0.001996,4.4E-05,10.4,,,,,,,,,,,10.5,,,,
,,,-0.001994,0.000046,11.2,,,,,,,,,,,11,,,,
,,,-0.001992,4.8E-05,13.6,,,,,,,,,,,11.5,,,,
,,,-0.00199,5E-05,15.2,,,,,,,,,,,12,,,,
,,,-0.001988,0.000052,16,,,,,,,,,,,12.5,,,,
,,,-0.001986,5.4E-05,17.6,,,,,,,,,,,13,,,,
,,,-0.001984,5.6E-05,18.4,,,,,,,,,,,13.5,,,,
,,,-0.001982,5.8E-05,20,,,,,,,,,,,14,,,,
,,,-0.00198,6E-05,20.8,,,,,,,,,,,14.5,,,,
,,,-0.001978,0.000062,22.4,,,,,,,,,,,15,,,,
,,,-0.001976,6.4E-05,24,,,,,,,,,,,,,,,
,,,-0.001974,6.6E-05,24.8,,,,,,,,,,,,,,,
,,,-0.001972,6.8E-05,25.6,,,,,,,,,,,,,,,
,,,-0.00197,7E-05,25.6,,,,,,,,,,,,,,,
,,,-0.001968,0.000072,28,,,,,,,,,,,,,,,
,,,-0.001966,7.4E-05,28,,,,,,,,,,,,,,,
,,,-0.001964,0.000216,28.8,,,,,,,,,,,,,,,
,,,-0.001962,0.000218,29.6,,,,,,,,,,,,,,,
,,,-0.00196,0.00022,31.2,,,,,,,,,,,,,,,
,,,-0.001958,0.000222,31.2,,,,,,,,,,,,,,,
,,,-0.001956,0.000224,32,,,,,,,,,,,,,,,
,,,-0.001954,0.000226,32.8,,,,,,,,,,,,,,,
,,,-0.001952,0.000228,33.6,,,,,,,,,,,,,,,
,,,-0.00195,0.00023,33.6,,,,,,,,,,,,,,,
,,,-0.001948,0.000232,35.2,,,,,,,,,,,,,,,
,,,-0.001946,0.000234,35.2,,,,,,,,,,,,,,,
,,,-0.001944,0.000236,36,,,,,,,,,,,,,,,
,,,-0.001942,0.000238,36.8,,,,,,,,,,,,,,,
,,,-0.00194,0.00024,36.8,,,,,,,,,,,,,,,
,,,-0.001938,0.000242,37.6,,,,,,,,,,,,,,,
,,,-0.001936,0.000244,38.4,,,,,,,,,,,,,,,
,,,-0.001934,0.000246,39.2,,,,,,,,,,,,,,,
,,,-0.001932,0.000248,39.2,,,,,,,,,,,,,,,
,,,-0.00193,0.00025,40,,,,,,,,,,,,,,,
,,,-0.001928,0.000252,40,,,,,,,,,,,,,,,
,,,-0.001926,0.000254,40,,,,,,,,,,,,,,,
,,,-0.001924,0.000256,40.8,,,,,,,,,,,,,,,
,,,-0.001922,0.000258,41.6,,,,,,,,,,,,,,,
,,,-0.00192,0.00026,41.6,,,,,,,,,,,,,,,
,,,-0.001918,0.000262,42.4,,,,,,,,,,,,,,,
,,,-0.001916,0.000264,42.4,,,,,,,,,,,,,,,
,,,-0.001914,0.000266,43.2,,,,,,,,,,,,,,,
,,,-0.001912,0.000268,43.2,,,,,,,,,,,,,,,
,,,-0.00191,0.00027,44,,,,,,,,,,,,,,,
,,,-0.001908,0.000272,44,,,,,,,,,,,,,,,
,,,-0.001906,0.000274,44,,,,,,,,,,,,,,,
,,,-0.001904,0.000276,44,,,,,,,,,,,,,,,
,,,-0.001902,0.000278,44,,,,,,,,,,,,,,,
,,,-0.0019,0.00028,44.8,,,,,,,,,,,,,,,
,,,-0.001898,0.000282,44.8,,,,,,,,,,,,,,,
,,,-0.001896,0.000284,45.6,,,,,,,,,,,,,,,
,,,-0.001894,0.000286,45.6,,,,,,,,,,,,,,,
,,,-0.001892,0.000288,45.6,,,,,,,,,,,,,,,
,,,-0.00189,0.00029,45.6,,,,,,,,,,,,,,,
,,,-0.001888,0.000292,45.6,,,,,,,,,,,,,,,
,,,-0.001886,0.000294,45.6,,,,,,,,,,,,,,,
,,,-0.001884,0.000296,46.4,,,,,,,,,,,,,,,
,,,-0.001882,0.000298,46.4,,,,,,,,,,,,,,,
,,,-0.00188,0.0003,46.4,,,,,,,,,,,,,,,
,,,-0.001878,0.000302,46.4,,,,,,,,,,,,,,,
,,,-0.001876,0.000304,46.4,,,,,,,,,,,,,,,
,,,-0.001874,0.000306,46.4,,,,,,,,,,,,,,,
,,,-0.001872,0.000308,47.2,,,,,,,,,,,,,,,
,,,-0.00187,0.00031,47.2,,,,,,,,,,,,,,,
,,,-0.001868,0.000312,47.2,,,,,,,,,,,,,,,
,,,-0.001866,0.000314,47.2,,,,,,,,,,,,,,,
,,,-0.001864,0.000316,47.2,,,,,,,,,,,,,,,
,,,-0.001862,0.000318,48,,,,,,,,,,,,,,,
,,,-0.00186,0.00032,48,,,,,,,,,,,,,,,
,,,-0.001858,0.000322,48,,,,,,,,,,,,,,,
,,,-0.001856,0.000324,48,,,,,,,,,,,,,,,
,,,-0.001854,0.000326,48,,,,,,,,,,,,,,,
,,,-0.001852,0.000328,48,,,,,,,,,,,,,,,
,,,-0.00185,0.00033,48,,,,,,,,,,,,,,,
,,,-0.001848,0.000332,48,,,,,,,,,,,,,,,
,,,-0.001846,0.000334,48,,,,,,,,,,,,,,,
,,,-0.001844,0.000336,48,,,,,,,,,,,,,,,
,,,-0.001842,0.000338,48.8,,,,,,,,,,,,,,,
,,,-0.00184,0.00034,48.8,,,,,,,,,,,,,,,
,,,-0.001838,0.000342,48.8,,,,,,,,,,,,,,,
,,,-0.001836,0.000344,48.8,,,,,,,,,,,,,,,
,,,-0.001834,0.000346,48.8,,,,,,,,,,,,,,,
,,,-0.001832,0.000348,48.8,,,,,,,,,,,,,,,
,,,-0.00183,0.00035,48.8,,,,,,,,,,,,,,,
,,,-0.001828,0.000352,48.8,,,,,,,,,,,,,,,
,,,-0.001826,0.000354,48.8,,,,,,,,,,,,,,,
,,,-0.001824,0.000356,48.8,,,,,,,,,,,,,,,
,,,-0.001822,0.000358,48.8,,,,,,,,,,,,,,,
,,,-0.00182,0.00036,49.6,,,,,,,,,,,,,,,
,,,-0.001818,0.000362,49.6,,,,,,,,,,,,,,,
,,,-0.001816,0.000364,49.6,,,,,,,,,,,,,,,
,,,-0.001814,0.000366,49.6,,,,,,,,,,,,,,,
,,,-0.001812,0.000368,49.6,,,,,,,,,,,,,,,
,,,-0.00181,0.00037,49.6,,,,,,,,,,,,,,,
,,,-0.001808,0.000372,49.6,,,,,,,,,,,,,,,
,,,-0.001806,0.000374,49.6,,,,,,,,,,,,,,,
,,,-0.001804,0.000376,49.6,,,,,,,,,,,,,,,
,,,-0.001802,0.000378,49.6,,,,,,,,,,,,,,,
,,,-0.0018,0.00038,49.6,,,,,,,,,,,,,,,
,,,-0.001798,0.000382,49.6,,,,,,,,,,,,,,,
,,,-0.001796,0.000384,49.6,,,,,,,,,,,,,,,
,,,-0.001794,0.000386,49.6,,,,,,,,,,,,,,,
,,,-0.001792,0.000388,49.6,,,,,,,,,,,,,,,
,,,-0.00179,0.00039,49.6,,,,,,,,,,,,,,,
,,,-0.001788,0.000392,49.6,,,,,,,,,,,,,,,
,,,-0.001786,0.000394,50.4,,,,,,,,,,,,,,,
,,,-0.001784,0.000396,50.4,,,,,,,,,,,,,,,
,,,-0.001782,0.000398,49.6,,,,,,,,,,,,,,,
,,,-0.00178,0.0004,49.6,,,,,,,,,,,,,,,
,,,-0.001778,0.000402,50.4,,,,,,,,,,,,,,,
,,,-0.001776,0.000404,50.4,,,,,,,,,,,,,,,
,,,-0.001774,0.000406,49.6,,,,,,,,,,,,,,,
,,,-0.001772,0.000408,49.6,,,,,,,,,,,,,,,
,,,-0.00177,0.00041,49.6,,,,,,,,,,,,,,,
,,,-0.001768,0.000412,49.6,,,,,,,,,,,,,,,
,,,-0.001766,0.000414,49.6,,,,,,,,,,,,,,,
,,,-0.001764,0.000416,49.6,,,,,,,,,,,,,,,
,,,-0.001762,0.000418,49.6,,,,,,,,,,,,,,,
,,,-0.00176,0.00042,49.6,,,,,,,,,,,,,,,
,,,-0.001758,0.000422,50.4,,,,,,,,,,,,,,,
,,,-0.001756,0.000424,50.4,,,,,,,,,,,,,,,
,,,-0.001754,0.000426,50.4,,,,,,,,,,,,,,,
,,,-0.001752,0.000428,50.4,,,,,,,,,,,,,,,
,,,-0.00175,0.00043,50.4,,,,,,,,,,,,,,,
,,,-0.001748,0.000432,50.4,,,,,,,,,,,,,,,
,,,-0.001746,0.000434,50.4,,,,,,,,,,,,,,,
,,,-0.001744,0.000436,50.4,,,,,,,,,,,,,,,
,,,-0.001742,0.000438,50.4,,,,,,,,,,,,,,,
,,,-0.00174,0.00044,50.4,,,,,,,,,,,,,,,
,,,-0.001738,0.000442,50.4,,,,,,,,,,,,,,,
,,,-0.001736,0.000444,49.6,,,,,,,,,,,,,,,
,,,-0.001734,0.000446,49.6,,,,,,,,,,,,,,,
,,,-0.001732,0.000448,50.4,,,,,,,,,,,,,,,
,,,-0.00173,0.00045,50.4,,,,,,,,,,,,,,,
,,,-0.001728,0.000452,50.4,,,,,,,,,,,,,,,
,,,-0.001726,0.000454,50.4,,,,,,,,,,,,,,,
,,,-0.001724,0.000456,49.6,,,,,,,,,,,,,,,
,,,-0.001722,0.000458,50.4,,,,,,,,,,,,,,,
,,,-0.00172,0.00046,50.4,,,,,,,,,,,,,,,
,,,-0.001718,0.000462,50.4,,,,,,,,,,,,,,,
,,,-0.001716,0.000464,50.4,,,,,,,,,,,,,,,
,,,-0.001714,0.000466,50.4,,,,,,,,,,,,,,,
,,,-0.001712,0.000468,50.4,,,,,,,,,,,,,,,
,,,-0.00171,0.00047,50.4,,,,,,,,,,,,,,,
,,,-0.001708,0.000472,50.4,,,,,,,,,,,,,,,
,,,-0.001706,0.000474,50.4,,,,,,,,,,,,,,,
,,,-0.001704,0.000476,50.4,,,,,,,,,,,,,,,
,,,-0.001702,0.000478,49.6,,,,,,,,,,,,,,,
,,,-0.0017,0.00048,50.4,,,,,,,,,,,,,,,
,,,-0.001698,0.000482,50.4,,,,,,,,,,,,,,,
,,,-0.001696,0.000484,50.4,,,,,,,,,,,,,,,
,,,-0.001694,0.000486,50.4,,,,,,,,,,,,,,,
,,,-0.001692,0.000488,50.4,,,,,,,,,,,,,,,
,,,-0.00169,0.00049,50.4,,,,,,,,,,,,,,,
,,,-0.001688,0.000492,50.4,,,,,,,,,,,,,,,
,,,-0.001686,0.000494,50.4,,,,,,,,,,,,,,,
,,,-0.001684,0.000496,50.4,,,,,,,,,,,,,,,
,,,-0.001682,0.000498,51.2,,,,,,,,,,,,,,,
,,,-0.00168,0.0005,50.4,,,,,,,,,,,,,,,
,,,-0.001678,0.000502,50.4,,,,,,,,,,,,,,,
,,,-0.001676,0.000504,50.4,,,,,,,,,,,,,,,
,,,-0.001674,0.000506,50.4,,,,,,,,,,,,,,,
,,,-0.001672,0.000508,50.4,,,,,,,,,,,,,,,
,,,-0.00167,0.00051,50.4,,,,,,,,,,,,,,,
,,,-0.001668,0.000512,49.6,,,,,,,,,,,,,,,
,,,-0.001666,0.000514,50.4,,,,,,,,,,,,,,,
,,,-0.001664,0.000516,50.4,,,,,,,,,,,,,,,
,,,-0.001662,0.000518,50.4,,,,,,,,,,,,,,,
,,,-0.00166,0.00052,50.4,,,,,,,,,,,,,,,
,,,-0.001658,0.000522,50.4,,,,,,,,,,,,,,,
,,,-0.001656,0.000524,50.4,,,,,,,,,,,,,,,
,,,-0.001654,0.000526,50.4,,,,,,,,,,,,,,,
,,,-0.001652,0.000528,50.4,,,,,,,,,,,,,,,
,,,-0.00165,0.00053,50.4,,,,,,,,,,,,,,,
,,,-0.001648,0.000532,50.4,,,,,,,,,,,,,,,
,,,-0.001646,0.000534,50.4,,,,,,,,,,,,,,,
,,,-0.001644,0.000536,50.4,,,,,,,,,,,,,,,
,,,-0.001642,0.000538,50.4,,,,,,,,,,,,,,,
,,,-0.00164,0.00054,50.4,,,,,,,,,,,,,,,
,,,-0.001638,0.000542,50.4,,,,,,,,,,,,,,,
,,,-0.001636,0.000544,50.4,,,,,,,,,,,,,,,
,,,-0.001634,0.000546,50.4,,,,,,,,,,,,,,,
,,,-0.001632,0.000548,50.4,,,,,,,,,,,,,,,
,,,-0.00163,0.00055,50.4,,,,,,,,,,,,,,,
,,,-0.001628,0.000552,51.2,,,,,,,,,,,,,,,
,,,-0.001626,0.000554,50.4,,,,,,,,,,,,,,,
,,,-0.001624,0.000556,50.4,,,,,,,,,,,,,,,
,,,-0.001622,0.000558,50.4,,,,,,,,,,,,,,,
,,,-0.00162,0.00056,50.4,,,,,,,,,,,,,,,
,,,-0.001618,0.000562,50.4,,,,,,,,,,,,,,,
,,,-0.001616,0.000564,50.4,,,,,,,,,,,,,,,
,,,-0.001614,0.000566,50.4,,,,,,,,,,,,,,,
,,,-0.001612,0.000568,50.4,,,,,,,,,,,,,,,
,,,-0.00161,0.00057,50.4,,,,,,,,,,,,,,,
,,,-0.001608,0.000572,50.4,,,,,,,,,,,,,,,
,,,-0.001606,0.000574,50.4,,,,,,,,,,,,,,,
,,,-0.001604,0.000576,50.4,,,,,,,,,,,,,,,
,,,-0.001602,0.000578,50.4,,,,,,,,,,,,,,,
,,,-0.0016,0.00058,50.4,,,,,,,,,,,,,,,
,,,-0.001598,0.000582,50.4,,,,,,,,,,,,,,,
,,,-0.001596,0.000584,50.4,,,,,,,,,,,,,,,
,,,-0.001594,0.000586,50.4,,,,,,,,,,,,,,,
,,,-0.001592,0.000588,50.4,,,,,,,,,,,,,,,
,,,-0.00159,0.00059,50.4,,,,,,,,,,,,,,,
,,,-0.001588,0.000592,50.4,,,,,,,,,,,,,,,
,,,-0.001586,0.000594,50.4,,,,,,,,,,,,,,,
,,,-0.001584,0.000596,50.4,,,,,,,,,,,,,,,
,,,-0.001582,0.000598,50.4,,,,,,,,,,,,,,,
,,,-0.00158,0.0006,50.4,,,,,,,,,,,,,,,
,,,-0.001578,0.000602,50.4,,,,,,,,,,,,,,,
,,,-0.001576,0.000604,50.4,,,,,,,,,,,,,,,
,,,-0.001574,0.000606,50.4,,,,,,,,,,,,,,,
,,,-0.001572,0.000608,49.6,,,,,,,,,,,,,,,
,,,-0.00157,0.00061,50.4,,,,,,,,,,,,,,,
,,,-0.001568,0.000612,50.4,,,,,,,,,,,,,,,
,,,-0.001566,0.000614,50.4,,,,,,,,,,,,,,,
,,,-0.001564,0.000616,50.4,,,,,,,,,,,,,,,
,,,-0.001562,0.000618,50.4,,,,,,,,,,,,,,,
,,,-0.00156,0.00062,51.2,,,,,,,,,,,,,,,
,,,-0.001558,0.000622,50.4,,,,,,,,,,,,,,,
,,,-0.001556,0.000624,50.4,,,,,,,,,,,,,,,
,,,-0.001554,0.000626,50.4,,,,,,,,,,,,,,,
,,,-0.001552,0.000628,50.4,,,,,,,,,,,,,,,
,,,-0.00155,0.00063,50.4,,,,,,,,,,,,,,,
,,,-0.001548,0.000632,50.4,,,,,,,,,,,,,,,
,,,-0.001546,0.000634,50.4,,,,,,,,,,,,,,,
,,,-0.001544,0.000636,50.4,,,,,,,,,,,,,,,
,,,-0.001542,0.000638,50.4,,,,,,,,,,,,,,,
,,,-0.00154,0.00064,50.4,,,,,,,,,,,,,,,
,,,-0.001538,0.000642,48,,,,,,,,,,,,,,,
,,,-0.001536,0.000644,44,,,,,,,,,,,,,,,
,,,-0.001534,0.000646,40.8,,,,,,,,,,,,,,,
,,,-0.001532,0.000648,36.8,,,,,,,,,,,,,,,
,,,-0.00153,0.00065,33.6,,,,,,,,,,,,,,,
,,,-0.001528,0.000652,29.6,,,,,,,,,,,,,,,
,,,-0.001526,0.000654,26.4,,,,,,,,,,,,,,,
,,,-0.001524,0.000656,24,,,,,,,,,,,,,,,
,,,-0.001522,0.000658,20.8,,,,,,,,,,,,,,,
,,,-0.00152,0.00066,18.4,,,,,,,,,,,,,,,
,,,-0.001518,0.000662,16,,,,,,,,,,,,,,,
,,,-0.001516,0.000664,12.8,,,,,,,,,,,,,,,
,,,-0.001514,0.000666,10.4,,,,,,,,,,,,,,,
,,,-0.001512,0.000668,8,,,,,,,,,,,,,,,
,,,-0.00151,0.00067,5.6,,,,,,,,,,,,,,,
,,,-0.001508,0.000672,3.2,,,,,,,,,,,,,,,
,,,-0.001506,0.000674,1.6,,,,,,,,,,,,,,,
,,,-0.001504,0.000676,-0.8,,,,,,,,,,,,,,,
,,,-0.001502,0.000678,-3.2,,,,,,,,,,,,,,,
,,,-0.0015,0.00068,-4.8,,,,,,,,,,,,,,,
,,,-0.001498,0.000682,-6.4,,,,,,,,,,,,,,,
,,,-0.001496,0.000684,-8,,,,,,,,,,,,,,,
,,,-0.001494,0.000686,-9.6,,,,,,,,,,,,,,,
,,,-0.001492,0.000688,-11.2,,,,,,,,,,,,,,,
,,,-0.00149,0.00069,-12.8,,,,,,,,,,,,,,,
,,,-0.001488,0.000692,-14.4,,,,,,,,,,,,,,,
,,,-0.001486,0.000694,-16,,,,,,,,,,,,,,,
,,,-0.001484,0.000696,-16.8,,,,,,,,,,,,,,,
,,,-0.001482,0.000698,-18.4,,,,,,,,,,,,,,,
,,,-0.00148,0.0007,-19.2,,,,,,,,,,,,,,,
,,,-0.001478,0.000702,-20.8,,,,,,,,,,,,,,,
,,,-0.001476,0.000704,-21.6,,,,,,,,,,,,,,,
,,,-0.001474,0.000706,-23.2,,,,,,,,,,,,,,,
,,,-0.001472,0.000708,-24,,,,,,,,,,,,,,,
,,,-0.00147,0.00071,-24.8,,,,,,,,,,,,,,,
,,,-0.001468,0.000712,-26.4,,,,,,,,,,,,,,,
,,,-0.001466,0.000714,-27.2,,,,,,,,,,,,,,,
,,,-0.001464,0.000716,-28,,,,,,,,,,,,,,,
,,,-0.001462,0.000718,-28.8,,,,,,,,,,,,,,,
,,,-0.00146,0.00072,-29.6,,,,,,,,,,,,,,,
,,,-0.001458,0.000722,-30.4,,,,,,,,,,,,,,,
,,,-0.001456,0.000724,-31.2,,,,,,,,,,,,,,,
,,,-0.001454,0.000726,-32,,,,,,,,,,,,,,,
,,,-0.001452,0.000728,-32.8,,,,,,,,,,,,,,,
,,,-0.00145,0.00073,-33.6,,,,,,,,,,,,,,,
,,,-0.001448,0.000732,-33.6,,,,,,,,,,,,,,,
,,,-0.001446,0.000734,-34.4,,,,,,,,,,,,,,,
,,,-0.001444,0.000736,-35.2,,,,,,,,,,,,,,,
,,,-0.001442,0.000738,-36,,,,,,,,,,,,,,,
,,,-0.00144,0.00074,-36.8,,,,,,,,,,,,,,,
,,,-0.001438,0.000742,-36.8,,,,,,,,,,,,,,,
,,,-0.001436,0.000744,-37.6,,,,,,,,,,,,,,,
,,,-0.001434,0.000746,-37.6,,,,,,,,,,,,,,,
,,,-0.001432,0.000748,-38.4,,,,,,,,,,,,,,,
,,,-0.00143,0.00075,-38.4,,,,,,,,,,,,,,,
,,,-0.001428,0.000752,-39.2,,,,,,,,,,,,,,,
,,,-0.001426,0.000754,-40,,,,,,,,,,,,,,,
,,,-0.001424,0.000756,-40,,,,,,,,,,,,,,,
,,,-0.001422,0.000758,-40.8,,,,,,,,,,,,,,,
,,,-0.00142,0.00076,-40.8,,,,,,,,,,,,,,,
,,,-0.001418,0.000762,-40.8,,,,,,,,,,,,,,,
,,,-0.001416,0.000764,-41.6,,,,,,,,,,,,,,,
,,,-0.001414,0.000766,-41.6,,,,,,,,,,,,,,,
,,,-0.001412,0.000768,-42.4,,,,,,,,,,,,,,,
,,,-0.00141,0.00077,-42.4,,,,,,,,,,,,,,,
,,,-0.001408,0.000772,-43.2,,,,,,,,,,,,,,,
,,,-0.001406,0.000774,-43.2,,,,,,,,,,,,,,,
,,,-0.001404,0.000776,-43.2,,,,,,,,,,,,,,,
,,,-0.001402,0.000778,-44,,,,,,,,,,,,,,,
,,,-0.0014,0.00078,-44,,,,,,,,,,,,,,,
,,,-0.001398,0.000782,-44,,,,,,,,,,,,,,,
,,,-0.001396,0.000784,-44.8,,,,,,,,,,,,,,,
,,,-0.001394,0.000786,-44.8,,,,,,,,,,,,,,,
,,,-0.001392,0.000788,-44.8,,,,,,,,,,,,,,,
,,,-0.00139,0.00079,-44.8,,,,,,,,,,,,,,,
,,,-0.001388,0.000792,-44.8,,,,,,,,,,,,,,,
,,,-0.001386,0.000794,-44.8,,,,,,,,,,,,,,,
,,,-0.001384,0.000796,-44.8,,,,,,,,,,,,,,,
,,,-0.001382,0.000798,-45.6,,,,,,,,,,,,,,,
,,,-0.00138,0.0008,-45.6,,,,,,,,,,,,,,,
,,,-0.001378,0.000802,-46.4,,,,,,,,,,,,,,,
,,,-0.001376,0.000804,-46.4,,,,,,,,,,,,,,,
,,,-0.001374,0.000806,-46.4,,,,,,,,,,,,,,,
,,,-0.001372,0.000808,-46.4,,,,,,,,,,,,,,,
,,,-0.00137,0.00081,-46.4,,,,,,,,,,,,,,,
,,,-0.001368,0.000812,-46.4,,,,,,,,,,,,,,,
,,,-0.001366,0.000814,-47.2,,,,,,,,,,,,,,,
,,,-0.001364,0.000816,-47.2,,,,,,,,,,,,,,,
,,,-0.001362,0.000818,-47.2,,,,,,,,,,,,,,,
,,,-0.00136,0.00082,-48,,,,,,,,,,,,,,,
,,,-0.001358,0.000822,-47.2,,,,,,,,,,,,,,,
,,,-0.001356,0.000824,-47.2,,,,,,,,,,,,,,,
,,,-0.001354,0.000826,-48,,,,,,,,,,,,,,,
,,,-0.001352,0.000828,-47.2,,,,,,,,,,,,,,,
,,,-0.00135,0.00083,-48,,,,,,,,,,,,,,,
,,,-0.001348,0.000832,-48,,,,,,,,,,,,,,,
,,,-0.001346,0.000834,-48,,,,,,,,,,,,,,,
,,,-0.001344,0.000836,-48,,,,,,,,,,,,,,,
,,,-0.001342,0.000838,-48,,,,,,,,,,,,,,,
,,,-0.00134,0.00084,-48.8,,,,,,,,,,,,,,,
,,,-0.001338,0.000842,-48.8,,,,,,,,,,,,,,,
,,,-0.001336,0.000844,-48.8,,,,,,,,,,,,,,,
,,,-0.001334,0.000846,-48.8,,,,,,,,,,,,,,,
,,,-0.001332,0.000848,-48.8,,,,,,,,,,,,,,,
,,,-0.00133,0.00085,-48.8,,,,,,,,,,,,,,,
,,,-0.001328,0.000852,-48.8,,,,,,,,,,,,,,,
,,,-0.001326,0.000854,-48.8,,,,,,,,,,,,,,,
,,,-0.001324,0.000856,-48.8,,,,,,,,,,,,,,,
,,,-0.001322,0.000858,-48.8,,,,,,,,,,,,,,,
,,,-0.00132,0.00086,-48.8,,,,,,,,,,,,,,,
,,,-0.001318,0.000862,-48.8,,,,,,,,,,,,,,,
,,,-0.001316,0.000864,-48.8,,,,,,,,,,,,,,,
,,,-0.001314,0.000866,-48.8,,,,,,,,,,,,,,,
,,,-0.001312,0.000868,-48.8,,,,,,,,,,,,,,,
,,,-0.00131,0.00087,-48.8,,,,,,,,,,,,,,,
,,,-0.001308,0.000872,-48.8,,,,,,,,,,,,,,,
,,,-0.001306,0.000874,-48.8,,,,,,,,,,,,,,,
,,,-0.001304,0.000876,-48.8,,,,,,,,,,,,,,,
,,,-0.001302,0.000878,-49.6,,,,,,,,,,,,,,,
,,,-0.0013,0.00088,-48.8,,,,,,,,,,,,,,,
,,,-0.001298,0.000882,-48.8,,,,,,,,,,,,,,,
,,,-0.001296,0.000884,-48.8,,,,,,,,,,,,,,,
,,,-0.001294,0.000886,-49.6,,,,,,,,,,,,,,,
,,,-0.001292,0.000888,-48.8,,,,,,,,,,,,,,,
,,,-0.00129,0.00089,-48.8,,,,,,,,,,,,,,,
,,,-0.001288,0.000892,-48.8,,,,,,,,,,,,,,,
,,,-0.001286,0.000894,-49.6,,,,,,,,,,,,,,,
,,,-0.001284,0.000896,-49.6,,,,,,,,,,,,,,,
,,,-0.001282,0.000898,-49.6,,,,,,,,,,,,,,,
,,,-0.00128,0.0009,-49.6,,,,,,,,,,,,,,,
,,,-0.001278,0.000902,-49.6,,,,,,,,,,,,,,,
,,,-0.001276,0.000904,-49.6,,,,,,,,,,,,,,,
,,,-0.001274,0.000906,-49.6,,,,,,,,,,,,,,,
,,,-0.001272,0.000908,-49.6,,,,,,,,,,,,,,,
,,,-0.00127,0.00091,-49.6,,,,,,,,,,,,,,,
,,,-0.001268,0.000912,-49.6,,,,,,,,,,,,,,,
,,,-0.001266,0.000914,-49.6,,,,,,,,,,,,,,,
,,,-0.001264,0.000916,-49.6,,,,,,,,,,,,,,,
,,,-0.001262,0.000918,-49.6,,,,,,,,,,,,,,,
,,,-0.00126,0.00092,-49.6,,,,,,,,,,,,,,,
,,,-0.001258,0.000922,-49.6,,,,,,,,,,,,,,,
,,,-0.001256,0.000924,-49.6,,,,,,,,,,,,,,,
,,,-0.001254,0.000926,-49.6,,,,,,,,,,,,,,,
,,,-0.001252,0.000928,-49.6,,,,,,,,,,,,,,,
,,,-0.00125,0.00093,-49.6,,,,,,,,,,,,,,,
,,,-0.001248,0.000932,-49.6,,,,,,,,,,,,,,,
,,,-0.001246,0.000934,-49.6,,,,,,,,,,,,,,,
,,,-0.001244,0.000936,-49.6,,,,,,,,,,,,,,,
,,,-0.001242,0.000938,-49.6,,,,,,,,,,,,,,,
,,,-0.00124,0.00094,-49.6,,,,,,,,,,,,,,,
,,,-0.001238,0.000942,-49.6,,,,,,,,,,,,,,,
,,,-0.001236,0.000944,-49.6,,,,,,,,,,,,,,,
,,,-0.001234,0.000946,-49.6,,,,,,,,,,,,,,,
,,,-0.001232,0.000948,-49.6,,,,,,,,,,,,,,,
,,,-0.00123,0.00095,-49.6,,,,,,,,,,,,,,,
,,,-0.001228,0.000952,-49.6,,,,,,,,,,,,,,,
,,,-0.001226,0.000954,-49.6,,,,,,,,,,,,,,,
,,,-0.001224,0.000956,-50.4,,,,,,,,,,,,,,,
,,,-0.001222,0.000958,-50.4,,,,,,,,,,,,,,,
,,,-0.00122,0.00096,-49.6,,,,,,,,,,,,,,,
,,,-0.001218,0.000962,-49.6,,,,,,,,,,,,,,,
,,,-0.001216,0.000964,-49.6,,,,,,,,,,,,,,,
,,,-0.001214,0.000966,-49.6,,,,,,,,,,,,,,,
,,,-0.001212,0.000968,-49.6,,,,,,,,,,,,,,,
,,,-0.00121,0.00097,-50.4,,,,,,,,,,,,,,,
,,,-0.001208,0.000972,-49.6,,,,,,,,,,,,,,,
,,,-0.001206,0.000974,-49.6,,,,,,,,,,,,,,,
,,,-0.001204,0.000976,-50.4,,,,,,,,,,,,,,,
,,,-0.001202,0.000978,-49.6,,,,,,,,,,,,,,,
,,,-0.0012,0.00098,-49.6,,,,,,,,,,,,,,,
,,,-0.001198,0.000982,-50.4,,,,,,,,,,,,,,,
,,,-0.001196,0.000984,-50.4,,,,,,,,,,,,,,,
,,,-0.001194,0.000986,-49.6,,,,,,,,,,,,,,,
,,,-0.001192,0.000988,-49.6,,,,,,,,,,,,,,,
,,,-0.00119,0.00099,-50.4,,,,,,,,,,,,,,,
,,,-0.001188,0.000992,-50.4,,,,,,,,,,,,,,,
,,,-0.001186,0.000994,-49.6,,,,,,,,,,,,,,,
,,,-0.001184,0.000996,-50.4,,,,,,,,,,,,,,,
,,,-0.001182,0.000998,-49.6,,,,,,,,,,,,,,,
,,,-0.00118,0.001,-49.6,,,,,,,,,,,,,,,
,,,-0.001178,0.001002,-50.4,,,,,,,,,,,,,,,
,,,-0.001176,0.001004,-49.6,,,,,,,,,,,,,,,
,,,-0.001174,0.001006,-49.6,,,,,,,,,,,,,,,
,,,-0.001172,0.001008,-49.6,,,,,,,,,,,,,,,
,,,-0.00117,0.00101,-49.6,,,,,,,,,,,,,,,
,,,-0.001168,0.001012,-49.6,,,,,,,,,,,,,,,
,,,-0.001166,0.001014,-49.6,,,,,,,,,,,,,,,
,,,-0.001164,0.001016,-49.6,,,,,,,,,,,,,,,
,,,-0.001162,0.001018,-50.4,,,,,,,,,,,,,,,
,,,-0.00116,0.00102,-50.4,,,,,,,,,,,,,,,
,,,-0.001158,0.001022,-49.6,,,,,,,,,,,,,,,
,,,-0.001156,0.001024,-50.4,,,,,,,,,,,,,,,
,,,-0.001154,0.001026,-49.6,,,,,,,,,,,,,,,
,,,-0.001152,0.001028,-49.6,,,,,,,,,,,,,,,
,,,-0.00115,0.00103,-50.4,,,,,,,,,,,,,,,
,,,-0.001148,0.001032,-50.4,,,,,,,,,,,,,,,
,,,-0.001146,0.001034,-49.6,,,,,,,,,,,,,,,
,,,-0.001144,0.001036,-50.4,,,,,,,,,,,,,,,
,,,-0.001142,0.001038,-50.4,,,,,,,,,,,,,,,
,,,-0.00114,0.00104,-50.4,,,,,,,,,,,,,,,
,,,-0.001138,0.001042,-50.4,,,,,,,,,,,,,,,
,,,-0.001136,0.001044,-50.4,,,,,,,,,,,,,,,
,,,-0.001134,0.001046,-50.4,,,,,,,,,,,,,,,
,,,-0.001132,0.001048,-50.4,,,,,,,,,,,,,,,
,,,-0.00113,0.00105,-49.6,,,,,,,,,,,,,,,
,,,-0.001128,0.001052,-50.4,,,,,,,,,,,,,,,
,,,-0.001126,0.001054,-50.4,,,,,,,,,,,,,,,
,,,-0.001124,0.001056,-50.4,,,,,,,,,,,,,,,
,,,-0.001122,0.001058,-50.4,,,,,,,,,,,,,,,
,,,-0.00112,0.00106,-49.6,,,,,,,,,,,,,,,
,,,-0.001118,0.001062,-50.4,,,,,,,,,,,,,,,
,,,-0.001116,0.001064,-49.6,,,,,,,,,,,,,,,
,,,-0.001114,0.001066,-50.4,,,,,,,,,,,,,,,
,,,-0.001112,0.001068,-49.6,,,,,,,,,,,,,,,
,,,-0.00111,0.00107,-49.6,,,,,,,,,,,,,,,
,,,-0.001108,0.001072,-50.4,,,,,,,,,,,,,,,
,,,-0.001106,0.001074,-50.4,,,,,,,,,,,,,,,
,,,-0.001104,0.001076,-50.4,,,,,,,,,,,,,,,
,,,-0.001102,0.001078,-50.4,,,,,,,,,,,,,,,
,,,-0.0011,0.00108,-50.4,,,,,,,,,,,,,,,
,,,-0.001098,0.001082,-50.4,,,,,,,,,,,,,,,
,,,-0.001096,0.001084,-49.6,,,,,,,,,,,,,,,
,,,-0.001094,0.001086,-49.6,,,,,,,,,,,,,,,
,,,-0.001092,0.001088,-50.4,,,,,,,,,,,,,,,
,,,-0.00109,0.00109,-50.4,,,,,,,,,,,,,,,
,,,-0.001088,0.001092,-50.4,,,,,,,,,,,,,,,
,,,-0.001086,0.001094,-50.4,,,,,,,,,,,,,,,
,,,-0.001084,0.001096,-50.4,,,,,,,,,,,,,,,
,,,-0.001082,0.001098,-49.6,,,,,,,,,,,,,,,
,,,-0.00108,0.0011,-49.6,,,,,,,,,,,,,,,
,,,-0.001078,0.001102,-49.6,,,,,,,,,,,,,,,
,,,-0.001076,0.001104,-50.4,,,,,,,,,,,,,,,
,,,-0.001074,0.001106,-49.6,,,,,,,,,,,,,,,
,,,-0.001072,0.001108,-50.4,,,,,,,,,,,,,,,
,,,-0.00107,0.00111,-49.6,,,,,,,,,,,,,,,
,,,-0.001068,0.001112,-50.4,,,,,,,,,,,,,,,
,,,-0.001066,0.001114,-50.4,,,,,,,,,,,,,,,
,,,-0.001064,0.001116,-50.4,,,,,,,,,,,,,,,
,,,-0.001062,0.001118,-49.6,,,,,,,,,,,,,,,
,,,-0.00106,0.00112,-50.4,,,,,,,,,,,,,,,
,,,-0.001058,0.001122,-49.6,,,,,,,,,,,,,,,
,,,-0.001056,0.001124,-49.6,,,,,,,,,,,,,,,
,,,-0.001054,0.001126,-50.4,,,,,,,,,,,,,,,
,,,-0.001052,0.001128,-50.4,,,,,,,,,,,,,,,
,,,-0.00105,0.00113,-49.6,,,,,,,,,,,,,,,
,,,-0.001048,0.001132,-50.4,,,,,,,,,,,,,,,
,,,-0.001046,0.001134,-50.4,,,,,,,,,,,,,,,
,,,-0.001044,0.001136,-49.6,,,,,,,,,,,,,,,
,,,-0.001042,0.001138,-50.4,,,,,,,,,,,,,,,
,,,-0.00104,0.00114,-48.8,,,,,,,,,,,,,,,
,,,-0.001038,0.001142,-44,,,,,,,,,,,,,,,
,,,-0.001036,0.001144,-40.8,,,,,,,,,,,,,,,
,,,-0.001034,0.001146,-36.8,,,,,,,,,,,,,,,
,,,-0.001032,0.001148,-33.6,,,,,,,,,,,,,,,
,,,-0.00103,0.00115,-30.4,,,,,,,,,,,,,,,
,,,-0.001028,0.001152,-27.2,,,,,,,,,,,,,,,
,,,-0.001026,0.001154,-24,,,,,,,,,,,,,,,
,,,-0.001024,0.001156,-20.8,,,,,,,,,,,,,,,
,,,-0.001022,0.001158,-17.6,,,,,,,,,,,,,,,
,,,-0.00102,0.00116,-15.2,,,,,,,,,,,,,,,
,,,-0.001018,0.001162,-12.8,,,,,,,,,,,,,,,
,,,-0.001016,0.001164,-10.4,,,,,,,,,,,,,,,
,,,-0.001014,0.001166,-8,,,,,,,,,,,,,,,
,,,-0.001012,0.001168,-5.6,,,,,,,,,,,,,,,
,,,-0.00101,0.00117,-3.2,,,,,,,,,,,,,,,
,,,-0.001008,0.001172,-0.8,,,,,,,,,,,,,,,
,,,-0.001006,0.001174,0.8,,,,,,,,,,,,,,,
,,,-0.001004,0.001176,3.2,,,,,,,,,,,,,,,
,,,-0.001002,0.001178,4.8,,,,,,,,,,,,,,,
,,,-0.001,0.00118,6.4,,,,,,,,,,,,,,,
,,,-0.000998,0.001182,8,,,,,,,,,,,,,,,
,,,-0.000996,0.001184,9.6,,,,,,,,,,,,,,,
,,,-0.000994,0.001186,12,,,,,,,,,,,,,,,
,,,-0.000992,0.001188,12.8,,,,,,,,,,,,,,,
,,,-0.00099,0.00119,14.4,,,,,,,,,,,,,,,
,,,-0.000988,0.001192,16,,,,,,,,,,,,,,,
,,,-0.000986,0.001194,17.6,,,,,,,,,,,,,,,
,,,-0.000984,0.001196,18.4,,,,,,,,,,,,,,,
,,,-0.000982,0.001198,20,,,,,,,,,,,,,,,
,,,-0.00098,0.0012,20.8,,,,,,,,,,,,,,,
,,,-0.000978,0.001202,22.4,,,,,,,,,,,,,,,
,,,-0.000976,0.001204,24,,,,,,,,,,,,,,,
,,,-0.000974,0.001206,24.8,,,,,,,,,,,,,,,
,,,-0.000972,0.001208,25.6,,,,,,,,,,,,,,,
,,,-0.00097,0.00121,26.4,,,,,,,,,,,,,,,
,,,-0.000968,0.001212,27.2,,,,,,,,,,,,,,,
,,,-0.000966,0.001214,28,,,,,,,,,,,,,,,
,,,-0.000964,0.001216,29.6,,,,,,,,,,,,,,,
,,,-0.000962,0.001218,29.6,,,,,,,,,,,,,,,
,,,-0.00096,0.00122,31.2,,,,,,,,,,,,,,,
,,,-0.000958,0.001222,32,,,,,,,,,,,,,,,
,,,-0.000956,0.001224,32,,,,,,,,,,,,,,,
,,,-0.000954,0.001226,32.8,,,,,,,,,,,,,,,
,,,-0.000952,0.001228,33.6,,,,,,,,,,,,,,,
,,,-0.00095,0.00123,34.4,,,,,,,,,,,,,,,
,,,-0.000948,0.001232,34.4,,,,,,,,,,,,,,,
,,,-0.000946,0.001234,36,,,,,,,,,,,,,,,
,,,-0.000944,0.001236,36.8,,,,,,,,,,,,,,,
,,,-0.000942,0.001238,36.8,,,,,,,,,,,,,,,
,,,-0.00094,0.00124,37.6,,,,,,,,,,,,,,,
,,,-0.000938,0.001242,37.6,,,,,,,,,,,,,,,
,,,-0.000936,0.001244,38.4,,,,,,,,,,,,,,,
,,,-0.000934,0.001246,39.2,,,,,,,,,,,,,,,
,,,-0.000932,0.001248,39.2,,,,,,,,,,,,,,,
,,,-0.00093,0.00125,40,,,,,,,,,,,,,,,
,,,-0.000928,0.001252,40.8,,,,,,,,,,,,,,,
,,,-0.000926,0.001254,40,,,,,,,,,,,,,,,
,,,-0.000924,0.001256,41.6,,,,,,,,,,,,,,,
,,,-0.000922,0.001258,41.6,,,,,,,,,,,,,,,
,,,-0.00092,0.00126,41.6,,,,,,,,,,,,,,,
,,,-0.000918,0.001262,42.4,,,,,,,,,,,,,,,
,,,-0.000916,0.001264,42.4,,,,,,,,,,,,,,,
,,,-0.000914,0.001266,43.2,,,,,,,,,,,,,,,
,,,-0.000912,0.001268,43.2,,,,,,,,,,,,,,,
,,,-0.00091,0.00127,43.2,,,,,,,,,,,,,,,
,,,-0.000908,0.001272,44,,,,,,,,,,,,,,,
,,,-0.000906,0.001274,44,,,,,,,,,,,,,,,
,,,-0.000904,0.001276,44,,,,,,,,,,,,,,,
,,,-0.000902,0.001278,44.8,,,,,,,,,,,,,,,
,,,-0.0009,0.00128,44.8,,,,,,,,,,,,,,,
,,,-0.000898,0.001282,44.8,,,,,,,,,,,,,,,
,,,-0.000896,0.001284,44.8,,,,,,,,,,,,,,,
,,,-0.000894,0.001286,45.6,,,,,,,,,,,,,,,
,,,-0.000892,0.001288,45.6,,,,,,,,,,,,,,,
,,,-0.00089,0.00129,45.6,,,,,,,,,,,,,,,
,,,-0.000888,0.001292,45.6,,,,,,,,,,,,,,,
,,,-0.000886,0.001294,46.4,,,,,,,,,,,,,,,
,,,-0.000884,0.001296,46.4,,,,,,,,,,,,,,,
,,,-0.000882,0.001298,46.4,,,,,,,,,,,,,,,
,,,-0.00088,0.0013,46.4,,,,,,,,,,,,,,,
,,,-0.000878,0.001302,46.4,,,,,,,,,,,,,,,
,,,-0.000876,0.001304,46.4,,,,,,,,,,,,,,,
,,,-0.000874,0.001306,47.2,,,,,,,,,,,,,,,
,,,-0.000872,0.001308,47.2,,,,,,,,,,,,,,,
,,,-0.00087,0.00131,47.2,,,,,,,,,,,,,,,
,,,-0.000868,0.001312,47.2,,,,,,,,,,,,,,,
,,,-0.000866,0.001314,47.2,,,,,,,,,,,,,,,
,,,-0.000864,0.001316,47.2,,,,,,,,,,,,,,,
,,,-0.000862,0.001318,47.2,,,,,,,,,,,,,,,
,,,-0.00086,0.00132,47.2,,,,,,,,,,,,,,,
,,,-0.000858,0.001322,48,,,,,,,,,,,,,,,
,,,-0.000856,0.001324,48,,,,,,,,,,,,,,,
,,,-0.000854,0.001326,48,,,,,,,,,,,,,,,
,,,-0.000852,0.001328,48,,,,,,,,,,,,,,,
,,,-0.00085,0.00133,48,,,,,,,,,,,,,,,
,,,-0.000848,0.001332,48,,,,,,,,,,,,,,,
,,,-0.000846,0.001334,48,,,,,,,,,,,,,,,
,,,-0.000844,0.001336,48.8,,,,,,,,,,,,,,,
,,,-0.000842,0.001338,48,,,,,,,,,,,,,,,
,,,-0.00084,0.00134,48.8,,,,,,,,,,,,,,,
,,,-0.000838,0.001342,48.8,,,,,,,,,,,,,,,
,,,-0.000836,0.001344,48.8,,,,,,,,,,,,,,,
,,,-0.000834,0.001346,48.8,,,,,,,,,,,,,,,
,,,-0.000832,0.001348,48.8,,,,,,,,,,,,,,,
,,,-0.00083,0.00135,48.8,,,,,,,,,,,,,,,
,,,-0.000828,0.001352,48.8,,,,,,,,,,,,,,,
,,,-0.000826,0.001354,49.6,,,,,,,,,,,,,,,
,,,-0.000824,0.001356,49.6,,,,,,,,,,,,,,,
,,,-0.000822,0.001358,49.6,,,,,,,,,,,,,,,
,,,-0.00082,0.00136,49.6,,,,,,,,,,,,,,,
,,,-0.000818,0.001362,49.6,,,,,,,,,,,,,,,
,,,-0.000816,0.001364,49.6,,,,,,,,,,,,,,,
,,,-0.000814,0.001366,49.6,,,,,,,,,,,,,,,
,,,-0.000812,0.001368,49.6,,,,,,,,,,,,,,,
,,,-0.00081,0.00137,49.6,,,,,,,,,,,,,,,
,,,-0.000808,0.001372,49.6,,,,,,,,,,,,,,,
,,,-0.000806,0.001374,49.6,,,,,,,,,,,,,,,
,,,-0.000804,0.001376,49.6,,,,,,,,,,,,,,,
,,,-0.000802,0.001378,49.6,,,,,,,,,,,,,,,
,,,-0.0008,0.00138,49.6,,,,,,,,,,,,,,,
,,,-0.000798,0.001382,49.6,,,,,,,,,,,,,,,
,,,-0.000796,0.001384,49.6,,,,,,,,,,,,,,,
,,,-0.000794,0.001386,49.6,,,,,,,,,,,,,,,
,,,-0.000792,0.001388,49.6,,,,,,,,,,,,,,,
,,,-0.00079,0.00139,49.6,,,,,,,,,,,,,,,
,,,-0.000788,0.001392,50.4,,,,,,,,,,,,,,,
,,,-0.000786,0.001394,49.6,,,,,,,,,,,,,,,
,,,-0.000784,0.001396,49.6,,,,,,,,,,,,,,,
,,,-0.000782,0.001398,50.4,,,,,,,,,,,,,,,
,,,-0.00078,0.0014,49.6,,,,,,,,,,,,,,,
,,,-0.000778,0.001402,49.6,,,,,,,,,,,,,,,
,,,-0.000776,0.001404,49.6,,,,,,,,,,,,,,,
,,,-0.000774,0.001406,49.6,,,,,,,,,,,,,,,
,,,-0.000772,0.001408,50.4,,,,,,,,,,,,,,,
,,,-0.00077,0.00141,50.4,,,,,,,,,,,,,,,
,,,-0.000768,0.001412,49.6,,,,,,,,,,,,,,,
,,,-0.000766,0.001414,50.4,,,,,,,,,,,,,,,
,,,-0.000764,0.001416,49.6,,,,,,,,,,,,,,,
,,,-0.000762,0.001418,50.4,,,,,,,,,,,,,,,
,,,-0.00076,0.00142,49.6,,,,,,,,,,,,,,,
,,,-0.000758,0.001422,50.4,,,,,,,,,,,,,,,
,,,-0.000756,0.001424,49.6,,,,,,,,,,,,,,,
,,,-0.000754,0.001426,50.4,,,,,,,,,,,,,,,
,,,-0.000752,0.001428,49.6,,,,,,,,,,,,,,,
,,,-0.00075,0.00143,50.4,,,,,,,,,,,,,,,
,,,-0.000748,0.001432,50.4,,,,,,,,,,,,,,,
,,,-0.000746,0.001434,49.6,,,,,,,,,,,,,,,
,,,-0.000744,0.001436,50.4,,,,,,,,,,,,,,,
,,,-0.000742,0.001438,50.4,,,,,,,,,,,,,,,
,,,-0.00074,0.00144,50.4,,,,,,,,,,,,,,,
,,,-0.000738,0.001442,50.4,,,,,,,,,,,,,,,
,,,-0.000736,0.001444,50.4,,,,,,,,,,,,,,,
,,,-0.000734,0.001446,50.4,,,,,,,,,,,,,,,
,,,-0.000732,0.001448,50.4,,,,,,,,,,,,,,,
,,,-0.00073,0.00145,50.4,,,,,,,,,,,,,,,
,,,-0.000728,0.001452,50.4,,,,,,,,,,,,,,,
,,,-0.000726,0.001454,50.4,,,,,,,,,,,,,,,
,,,-0.000724,0.001456,50.4,,,,,,,,,,,,,,,
,,,-0.000722,0.001458,50.4,,,,,,,,,,,,,,,
,,,-0.00072,0.00146,50.4,,,,,,,,,,,,,,,
,,,-0.000718,0.001462,50.4,,,,,,,,,,,,,,,
,,,-0.000716,0.001464,50.4,,,,,,,,,,,,,,,
,,,-0.000714,0.001466,50.4,,,,,,,,,,,,,,,
,,,-0.000712,0.001468,50.4,,,,,,,,,,,,,,,
,,,-0.00071,0.00147,50.4,,,,,,,,,,,,,,,
,,,-0.000708,0.001472,50.4,,,,,,,,,,,,,,,
,,,-0.000706,0.001474,50.4,,,,,,,,,,,,,,,
,,,-0.000704,0.001476,50.4,,,,,,,,,,,,,,,
,,,-0.000702,0.001478,50.4,,,,,,,,,,,,,,,
,,,-0.0007,0.00148,50.4,,,,,,,,,,,,,,,
,,,-0.000698,0.001482,50.4,,,,,,,,,,,,,,,
,,,-0.000696,0.001484,50.4,,,,,,,,,,,,,,,
,,,-0.000694,0.001486,50.4,,,,,,,,,,,,,,,
,,,-0.000692,0.001488,50.4,,,,,,,,,,,,,,,
,,,-0.00069,0.00149,50.4,,,,,,,,,,,,,,,
,,,-0.000688,0.001492,50.4,,,,,,,,,,,,,,,
,,,-0.000686,0.001494,50.4,,,,,,,,,,,,,,,
,,,-0.000684,0.001496,50.4,,,,,,,,,,,,,,,
,,,-0.000682,0.001498,50.4,,,,,,,,,,,,,,,
,,,-0.00068,0.0015,50.4,,,,,,,,,,,,,,,
,,,-0.000678,0.001502,50.4,,,,,,,,,,,,,,,
,,,-0.000676,0.001504,49.6,,,,,,,,,,,,,,,
,,,-0.000674,0.001506,50.4,,,,,,,,,,,,,,,
,,,-0.000672,0.001508,50.4,,,,,,,,,,,,,,,
,,,-0.00067,0.00151,50.4,,,,,,,,,,,,,,,
,,,-0.000668,0.001512,50.4,,,,,,,,,,,,,,,
,,,-0.000666,0.001514,50.4,,,,,,,,,,,,,,,
,,,-0.000664,0.001516,50.4,,,,,,,,,,,,,,,
,,,-0.000662,0.001518,50.4,,,,,,,,,,,,,,,
,,,-0.00066,0.00152,50.4,,,,,,,,,,,,,,,
,,,-0.000658,0.001522,50.4,,,,,,,,,,,,,,,
,,,-0.000656,0.001524,50.4,,,,,,,,,,,,,,,
,,,-0.000654,0.001526,50.4,,,,,,,,,,,,,,,
,,,-0.000652,0.001528,50.4,,,,,,,,,,,,,,,
,,,-0.00065,0.00153,50.4,,,,,,,,,,,,,,,
,,,-0.000648,0.001532,50.4,,,,,,,,,,,,,,,
,,,-0.000646,0.001534,50.4,,,,,,,,,,,,,,,
,,,-0.000644,0.001536,50.4,,,,,,,,,,,,,,,
,,,-0.000642,0.001538,50.4,,,,,,,,,,,,,,,
,,,-0.00064,0.00154,50.4,,,,,,,,,,,,,,,
,,,-0.000638,0.001542,50.4,,,,,,,,,,,,,,,
,,,-0.000636,0.001544,50.4,,,,,,,,,,,,,,,
,,,-0.000634,0.001546,50.4,,,,,,,,,,,,,,,
,,,-0.000632,0.001548,50.4,,,,,,,,,,,,,,,
,,,-0.00063,0.00155,50.4,,,,,,,,,,,,,,,
,,,-0.000628,0.001552,50.4,,,,,,,,,,,,,,,
,,,-0.000626,0.001554,50.4,,,,,,,,,,,,,,,
,,,-0.000624,0.001556,50.4,,,,,,,,,,,,,,,
,,,-0.000622,0.001558,50.4,,,,,,,,,,,,,,,
,,,-0.00062,0.00156,50.4,,,,,,,,,,,,,,,
,,,-0.000618,0.001562,51.2,,,,,,,,,,,,,,,
,,,-0.000616,0.001564,51.2,,,,,,,,,,,,,,,
,,,-0.000614,0.001566,50.4,,,,,,,,,,,,,,,
,,,-0.000612,0.001568,50.4,,,,,,,,,,,,,,,
,,,-0.00061,0.00157,50.4,,,,,,,,,,,,,,,
,,,-0.000608,0.001572,50.4,,,,,,,,,,,,,,,
,,,-0.000606,0.001574,50.4,,,,,,,,,,,,,,,
,,,-0.000604,0.001576,50.4,,,,,,,,,,,,,,,
,,,-0.000602,0.001578,50.4,,,,,,,,,,,,,,,
,,,-0.0006,0.00158,50.4,,,,,,,,,,,,,,,
,,,-0.000598,0.001582,50.4,,,,,,,,,,,,,,,
,,,-0.000596,0.001584,50.4,,,,,,,,,,,,,,,
,,,-0.000594,0.001586,50.4,,,,,,,,,,,,,,,
,,,-0.000592,0.001588,50.4,,,,,,,,,,,,,,,
,,,-0.00059,0.00159,50.4,,,,,,,,,,,,,,,
,,,-0.000588,0.001592,50.4,,,,,,,,,,,,,,,
,,,-0.000586,0.001594,50.4,,,,,,,,,,,,,,,
,,,-0.000584,0.001596,50.4,,,,,,,,,,,,,,,
,,,-0.000582,0.001598,50.4,,,,,,,,,,,,,,,
,,,-0.00058,0.0016,50.4,,,,,,,,,,,,,,,
,,,-0.000578,0.001602,50.4,,,,,,,,,,,,,,,
,,,-0.000576,0.001604,50.4,,,,,,,,,,,,,,,
,,,-0.000574,0.001606,50.4,,,,,,,,,,,,,,,
,,,-0.000572,0.001608,51.2,,,,,,,,,,,,,,,
,,,-0.00057,0.00161,51.2,,,,,,,,,,,,,,,
,,,-0.000568,0.001612,50.4,,,,,,,,,,,,,,,
,,,-0.000566,0.001614,50.4,,,,,,,,,,,,,,,
,,,-0.000564,0.001616,50.4,,,,,,,,,,,,,,,
,,,-0.000562,0.001618,50.4,,,,,,,,,,,,,,,
,,,-0.00056,0.00162,50.4,,,,,,,,,,,,,,,
,,,-0.000558,0.001622,50.4,,,,,,,,,,,,,,,
,,,-0.000556,0.001624,50.4,,,,,,,,,,,,,,,
,,,-0.000554,0.001626,50.4,,,,,,,,,,,,,,,
,,,-0.000552,0.001628,50.4,,,,,,,,,,,,,,,
,,,-0.00055,0.00163,50.4,,,,,,,,,,,,,,,
,,,-0.000548,0.001632,50.4,,,,,,,,,,,,,,,
,,,-0.000546,0.001634,50.4,,,,,,,,,,,,,,,
,,,-0.000544,0.001636,50.4,,,,,,,,,,,,,,,
,,,-0.000542,0.001638,50.4,,,,,,,,,,,,,,,
,,,-0.00054,0.00164,50.4,,,,,,,,,,,,,,,
,,,-0.000538,0.001642,48,,,,,,,,,,,,,,,
,,,-0.000536,0.001644,44.8,,,,,,,,,,,,,,,
,,,-0.000534,0.001646,40,,,,,,,,,,,,,,,
,,,-0.000532,0.001648,36.8,,,,,,,,,,,,,,,
,,,-0.00053,0.00165,33.6,,,,,,,,,,,,,,,
,,,-0.000528,0.001652,29.6,,,,,,,,,,,,,,,
,,,-0.000526,0.001654,26.4,,,,,,,,,,,,,,,
,,,-0.000524,0.001656,24,,,,,,,,,,,,,,,
,,,-0.000522,0.001658,20.8,,,,,,,,,,,,,,,
,,,-0.00052,0.00166,18.4,,,,,,,,,,,,,,,
,,,-0.000518,0.001662,15.2,,,,,,,,,,,,,,,
,,,-0.000516,0.001664,12,,,,,,,,,,,,,,,
,,,-0.000514,0.001666,9.6,,,,,,,,,,,,,,,
,,,-0.000512,0.001668,8,,,,,,,,,,,,,,,
,,,-0.00051,0.00167,6.4,,,,,,,,,,,,,,,
,,,-0.000508,0.001672,3.2,,,,,,,,,,,,,,,
,,,-0.000506,0.001674,1.6,,,,,,,,,,,,,,,
,,,-0.000504,0.001676,-0.8,,,,,,,,,,,,,,,
,,,-0.000502,0.001678,-3.2,,,,,,,,,,,,,,,
,,,-0.0005,0.00168,-4.8,,,,,,,,,,,,,,,
,,,-0.000498,0.001682,-6.4,,,,,,,,,,,,,,,
,,,-0.000496,0.001684,-8.8,,,,,,,,,,,,,,,
,,,-0.000494,0.001686,-9.6,,,,,,,,,,,,,,,
,,,-0.000492,0.001688,-11.2,,,,,,,,,,,,,,,
,,,-0.00049,0.00169,-12.8,,,,,,,,,,,,,,,
,,,-0.000488,0.001692,-14.4,,,,,,,,,,,,,,,
,,,-0.000486,0.001694,-16,,,,,,,,,,,,,,,
,,,-0.000484,0.001696,-16.8,,,,,,,,,,,,,,,
,,,-0.000482,0.001698,-18.4,,,,,,,,,,,,,,,
,,,-0.00048,0.0017,-19.2,,,,,,,,,,,,,,,
,,,-0.000478,0.001702,-20.8,,,,,,,,,,,,,,,
,,,-0.000476,0.001704,-22.4,,,,,,,,,,,,,,,
,,,-0.000474,0.001706,-23.2,,,,,,,,,,,,,,,
,,,-0.000472,0.001708,-24,,,,,,,,,,,,,,,
,,,-0.00047,0.00171,-24.8,,,,,,,,,,,,,,,
,,,-0.000468,0.001712,-25.6,,,,,,,,,,,,,,,
,,,-0.000466,0.001714,-27.2,,,,,,,,,,,,,,,
,,,-0.000464,0.001716,-28,,,,,,,,,,,,,,,
,,,-0.000462,0.001718,-28.8,,,,,,,,,,,,,,,
,,,-0.00046,0.00172,-29.6,,,,,,,,,,,,,,,
,,,-0.000458,0.001722,-30.4,,,,,,,,,,,,,,,
,,,-0.000456,0.001724,-31.2,,,,,,,,,,,,,,,
,,,-0.000454,0.001726,-32,,,,,,,,,,,,,,,
,,,-0.000452,0.001728,-32.8,,,,,,,,,,,,,,,
,,,-0.00045,0.00173,-32.8,,,,,,,,,,,,,,,
,,,-0.000448,0.001732,-34.4,,,,,,,,,,,,,,,
,,,-0.000446,0.001734,-34.4,,,,,,,,,,,,,,,
,,,-0.000444,0.001736,-34.4,,,,,,,,,,,,,,,
,,,-0.000442,0.001738,-36,,,,,,,,,,,,,,,
,,,-0.00044,0.00174,-36.8,,,,,,,,,,,,,,,
,,,-0.000438,0.001742,-36.8,,,,,,,,,,,,,,,
,,,-0.000436,0.001744,-37.6,,,,,,,,,,,,,,,
,,,-0.000434,0.001746,-37.6,,,,,,,,,,,,,,,
,,,-0.000432,0.001748,-37.6,,,,,,,,,,,,,,,
,,,-0.00043,0.00175,-38.4,,,,,,,,,,,,,,,
,,,-0.000428,0.001752,-39.2,,,,,,,,,,,,,,,
,,,-0.000426,0.001754,-39.2,,,,,,,,,,,,,,,
,,,-0.000424,0.001756,-40,,,,,,,,,,,,,,,
,,,-0.000422,0.001758,-40.8,,,,,,,,,,,,,,,
,,,-0.00042,0.00176,-40.8,,,,,,,,,,,,,,,
,,,-0.000418,0.001762,-40.8,,,,,,,,,,,,,,,
,,,-0.000416,0.001764,-41.6,,,,,,,,,,,,,,,
,,,-0.000414,0.001766,-41.6,,,,,,,,,,,,,,,
,,,-0.000412,0.001768,-42.4,,,,,,,,,,,,,,,
,,,-0.00041,0.00177,-42.4,,,,,,,,,,,,,,,
,,,-0.000408,0.001772,-42.4,,,,,,,,,,,,,,,
,,,-0.000406,0.001774,-42.4,,,,,,,,,,,,,,,
,,,-0.000404,0.001776,-43.2,,,,,,,,,,,,,,,
,,,-0.000402,0.001778,-43.2,,,,,,,,,,,,,,,
,,,-0.0004,0.00178,-44,,,,,,,,,,,,,,,
,,,-0.000398,0.001782,-44,,,,,,,,,,,,,,,
,,,-0.000396,0.001784,-44.8,,,,,,,,,,,,,,,
,,,-0.000394,0.001786,-44.8,,,,,,,,,,,,,,,
,,,-0.000392,0.001788,-44.8,,,,,,,,,,,,,,,
,,,-0.00039,0.00179,-44.8,,,,,,,,,,,,,,,
,,,-0.000388,0.001792,-45.6,,,,,,,,,,,,,,,
,,,-0.000386,0.001794,-44.8,,,,,,,,,,,,,,,
,,,-0.000384,0.001796,-45.6,,,,,,,,,,,,,,,
,,,-0.000382,0.001798,-45.6,,,,,,,,,,,,,,,
,,,-0.00038,0.0018,-45.6,,,,,,,,,,,,,,,
,,,-0.000378,0.001802,-45.6,,,,,,,,,,,,,,,
,,,-0.000376,0.001804,-46.4,,,,,,,,,,,,,,,
,,,-0.000374,0.001806,-46.4,,,,,,,,,,,,,,,
,,,-0.000372,0.001808,-46.4,,,,,,,,,,,,,,,
,,,-0.00037,0.00181,-46.4,,,,,,,,,,,,,,,
,,,-0.000368,0.001812,-46.4,,,,,,,,,,,,,,,
,,,-0.000366,0.001814,-46.4,,,,,,,,,,,,,,,
,,,-0.000364,0.001816,-46.4,,,,,,,,,,,,,,,
,,,-0.000362,0.001818,-47.2,,,,,,,,,,,,,,,
,,,-0.00036,0.00182,-47.2,,,,,,,,,,,,,,,
,,,-0.000358,0.001822,-47.2,,,,,,,,,,,,,,,
,,,-0.000356,0.001824,-48,,,,,,,,,,,,,,,
,,,-0.000354,0.001826,-48,,,,,,,,,,,,,,,
,,,-0.000352,0.001828,-48,,,,,,,,,,,,,,,
,,,-0.00035,0.00183,-48,,,,,,,,,,,,,,,
,,,-0.000348,0.001832,-48,,,,,,,,,,,,,,,
,,,-0.000346,0.001834,-48,,,,,,,,,,,,,,,
,,,-0.000344,0.001836,-48,,,,,,,,,,,,,,,
,,,-0.000342,0.001838,-48,,,,,,,,,,,,,,,
,,,-0.00034,0.00184,-48,,,,,,,,,,,,,,,
,,,-0.000338,0.001842,-48,,,,,,,,,,,,,,,
,,,-0.000336,0.001844,-48,,,,,,,,,,,,,,,
,,,-0.000334,0.001846,-48,,,,,,,,,,,,,,,
,,,-0.000332,0.001848,-48.8,,,,,,,,,,,,,,,
,,,-0.00033,0.00185,-48.8,,,,,,,,,,,,,,,
,,,-0.000328,0.001852,-48.8,,,,,,,,,,,,,,,
,,,-0.000326,0.001854,-48.8,,,,,,,,,,,,,,,
,,,-0.000324,0.001856,-48.8,,,,,,,,,,,,,,,
,,,-0.000322,0.001858,-48.8,,,,,,,,,,,,,,,
,,,-0.00032,0.00186,-48.8,,,,,,,,,,,,,,,
,,,-0.000318,0.001862,-48.8,,,,,,,,,,,,,,,
,,,-0.000316,0.001864,-48.8,,,,,,,,,,,,,,,
,,,-0.000314,0.001866,-48.8,,,,,,,,,,,,,,,
,,,-0.000312,0.001868,-48.8,,,,,,,,,,,,,,,
,,,-0.00031,0.00187,-48.8,,,,,,,,,,,,,,,
,,,-0.000308,0.001872,-48.8,,,,,,,,,,,,,,,
,,,-0.000306,0.001874,-48.8,,,,,,,,,,,,,,,
,,,-0.000304,0.001876,-48.8,,,,,,,,,,,,,,,
,,,-0.000302,0.001878,-49.6,,,,,,,,,,,,,,,
,,,-0.0003,0.00188,-49.6,,,,,,,,,,,,,,,
,,,-0.000298,0.001882,-49.6,,,,,,,,,,,,,,,
,,,-0.000296,0.001884,-49.6,,,,,,,,,,,,,,,
,,,-0.000294,0.001886,-49.6,,,,,,,,,,,,,,,
,,,-0.000292,0.001888,-48.8,,,,,,,,,,,,,,,
,,,-0.00029,0.00189,-48.8,,,,,,,,,,,,,,,
,,,-0.000288,0.001892,-49.6,,,,,,,,,,,,,,,
,,,-0.000286,0.001894,-49.6,,,,,,,,,,,,,,,
,,,-0.000284,0.001896,-48.8,,,,,,,,,,,,,,,
,,,-0.000282,0.001898,-48.8,,,,,,,,,,,,,,,
,,,-0.00028,0.0019,-49.6,,,,,,,,,,,,,,,
,,,-0.000278,0.001902,-49.6,,,,,,,,,,,,,,,
,,,-0.000276,0.001904,-49.6,,,,,,,,,,,,,,,
,,,-0.000274,0.001906,-49.6,,,,,,,,,,,,,,,
,,,-0.000272,0.001908,-49.6,,,,,,,,,,,,,,,
,,,-0.00027,0.00191,-49.6,,,,,,,,,,,,,,,
,,,-0.000268,0.001912,-49.6,,,,,,,,,,,,,,,
,,,-0.000266,0.001914,-49.6,,,,,,,,,,,,,,,
,,,-0.000264,0.001916,-49.6,,,,,,,,,,,,,,,
,,,-0.000262,0.001918,-48.8,,,,,,,,,,,,,,,
,,,-0.00026,0.00192,-49.6,,,,,,,,,,,,,,,
,,,-0.000258,0.001922,-49.6,,,,,,,,,,,,,,,
,,,-0.000256,0.001924,-49.6,,,,,,,,,,,,,,,
,,,-0.000254,0.001926,-49.6,,,,,,,,,,,,,,,
,,,-0.000252,0.001928,-49.6,,,,,,,,,,,,,,,
,,,-0.00025,0.00193,-49.6,,,,,,,,,,,,,,,
,,,-0.000248,0.001932,-49.6,,,,,,,,,,,,,,,
,,,-0.000246,0.001934,-49.6,,,,,,,,,,,,,,,
,,,-0.000244,0.001936,-49.6,,,,,,,,,,,,,,,
,,,-0.000242,0.001938,-49.6,,,,,,,,,,,,,,,
,,,-0.00024,0.00194,-49.6,,,,,,,,,,,,,,,
,,,-0.000238,0.001942,-49.6,,,,,,,,,,,,,,,
,,,-0.000236,0.001944,-49.6,,,,,,,,,,,,,,,
,,,-0.000234,0.001946,-49.6,,,,,,,,,,,,,,,
,,,-0.000232,0.001948,-49.6,,,,,,,,,,,,,,,
,,,-0.00023,0.00195,-49.6,,,,,,,,,,,,,,,
,,,-0.000228,0.001952,-49.6,,,,,,,,,,,,,,,
,,,-0.000226,0.001954,-49.6,,,,,,,,,,,,,,,
,,,-0.000224,0.001956,-49.6,,,,,,,,,,,,,,,
,,,-0.000222,0.001958,-49.6,,,,,,,,,,,,,,,
,,,-0.00022,0.00196,-50.4,,,,,,,,,,,,,,,
,,,-0.000218,0.001962,-49.6,,,,,,,,,,,,,,,
,,,-0.000216,0.001964,-50.4,,,,,,,,,,,,,,,
,,,-0.000214,0.001966,-50.4,,,,,,,,,,,,,,,
,,,-0.000212,0.001968,-50.4,,,,,,,,,,,,,,,
,,,-0.00021,0.00197,-49.6,,,,,,,,,,,,,,,
,,,-0.000208,0.001972,-50.4,,,,,,,,,,,,,,,
,,,-0.000206,0.001974,-49.6,,,,,,,,,,,,,,,
,,,-0.000204,0.001976,-49.6,,,,,,,,,,,,,,,
,,,-0.000202,0.001978,-49.6,,,,,,,,,,,,,,,
,,,-0.0002,0.00198,-49.6,,,,,,,,,,,,,,,
,,,-0.000198,0.001982,-49.6,,,,,,,,,,,,,,,
,,,-0.000196,0.001984,-50.4,,,,,,,,,,,,,,,
,,,-0.000194,0.001986,-49.6,,,,,,,,,,,,,,,
,,,-0.000192,0.001988,-49.6,,,,,,,,,,,,,,,
,,,-0.00019,0.00199,-50.4,,,,,,,,,,,,,,,
,,,-0.000188,0.001992,-50.4,,,,,,,,,,,,,,,
,,,-0.000186,0.001994,-50.4,,,,,,,,,,,,,,,
,,,-0.000184,0.001996,-49.6,,,,,,,,,,,,,,,
,,,-0.000182,0.001998,-50.4,,,,,,,,,,,,,,,
,,,-0.00018,0.002,-50.4,,,,,,,,,,,,,,,
,,,-0.000178,0.002002,-49.6,,,,,,,,,,,,,,,
,,,-0.000176,0.002004,-49.6,,,,,,,,,,,,,,,
,,,-0.000174,0.002006,-49.6,,,,,,,,,,,,,,,
,,,-0.000172,0.002008,-50.4,,,,,,,,,,,,,,,
,,,-0.00017,0.00201,-49.6,,,,,,,,,,,,,,,
,,,-0.000168,0.002012,-50.4,,,,,,,,,,,,,,,
,,,-0.000166,0.002014,-49.6,,,,,,,,,,,,,,,
,,,-0.000164,0.002016,-49.6,,,,,,,,,,,,,,,
,,,-0.000162,0.002018,-50.4,,,,,,,,,,,,,,,
,,,-0.00016,0.00202,-49.6,,,,,,,,,,,,,,,
,,,-0.000158,0.002022,-50.4,,,,,,,,,,,,,,,
,,,-0.000156,0.002024,-49.6,,,,,,,,,,,,,,,
,,,-0.000154,0.002026,-50.4,,,,,,,,,,,,,,,
,,,-0.000152,0.002028,-50.4,,,,,,,,,,,,,,,
,,,-0.00015,0.00203,-49.6,,,,,,,,,,,,,,,
,,,-0.000148,0.002032,-49.6,,,,,,,,,,,,,,,
,,,-0.000146,0.002034,-49.6,,,,,,,,,,,,,,,
,,,-0.000144,0.002036,-50.4,,,,,,,,,,,,,,,
,,,-0.000142,0.002038,-49.6,,,,,,,,,,,,,,,
,,,-0.00014,0.00204,-50.4,,,,,,,,,,,,,,,
,,,-0.000138,0.002042,-50.4,,,,,,,,,,,,,,,
,,,-0.000136,0.002044,-49.6,,,,,,,,,,,,,,,
,,,-0.000134,0.002046,-50.4,,,,,,,,,,,,,,,
,,,-0.000132,0.002048,-49.6,,,,,,,,,,,,,,,
,,,-0.00013,0.00205,-50.4,,,,,,,,,,,,,,,
,,,-0.000128,0.002052,-50.4,,,,,,,,,,,,,,,
,,,-0.000126,0.002054,-49.6,,,,,,,,,,,,,,,
,,,-0.000124,0.002056,-49.6,,,,,,,,,,,,,,,
,,,-0.000122,0.002058,-50.4,,,,,,,,,,,,,,,
,,,-0.00012,0.00206,-49.6,,,,,,,,,,,,,,,
,,,-0.000118,0.002062,-50.4,,,,,,,,,,,,,,,
,,,-0.000116,0.002064,-49.6,,,,,,,,,,,,,,,
,,,-0.000114,0.002066,-49.6,,,,,,,,,,,,,,,
,,,-0.000112,0.002068,-50.4,,,,,,,,,,,,,,,
,,,-0.00011,0.00207,-50.4,,,,,,,,,,,,,,,
,,,-0.000108,0.002072,-49.6,,,,,,,,,,,,,,,
,,,-0.000106,0.002074,-49.6,,,,,,,,,,,,,,,
,,,-0.000104,0.002076,-50.4,,,,,,,,,,,,,,,
,,,-0.000102,0.002078,-50.4,,,,,,,,,,,,,,,
,,,-0.0001,0.00208,-50.4,,,,,,,,,,,,,,,
,,,-0.000098,0.002082,-50.4,,,,,,,,,,,,,,,
,,,-0.000096,0.002084,-49.6,,,,,,,,,,,,,,,
,,,-0.000094,0.002086,-50.4,,,,,,,,,,,,,,,
,,,-0.000092,0.002088,-50.4,,,,,,,,,,,,,,,
,,,-0.00009,0.00209,-50.4,,,,,,,,,,,,,,,
,,,-0.000088,0.002092,-50.4,,,,,,,,,,,,,,,
,,,-0.000086,0.002094,-49.6,,,,,,,,,,,,,,,
,,,-0.000084,0.002096,-49.6,,,,,,,,,,,,,,,
,,,-0.000082,0.002098,-49.6,,,,,,,,,,,,,,,
,,,-0.00008,0.0021,-50.4,,,,,,,,,,,,,,,
,,,-0.000078,0.002102,-50.4,,,,,,,,,,,,,,,
,,,-0.000076,0.002104,-49.6,,,,,,,,,,,,,,,
,,,-0.000074,0.002106,-50.4,,,,,,,,,,,,,,,
,,,-0.000072,0.002108,-50.4,,,,,,,,,,,,,,,
,,,-0.00007,0.00211,-50.4,,,,,,,,,,,,,,,
,,,-0.000068,0.002112,-50.4,,,,,,,,,,,,,,,
,,,-0.000066,0.002114,-49.6,,,,,,,,,,,,,,,
,,,-0.000064,0.002116,-49.6,,,,,,,,,,,,,,,
,,,-0.000062,0.002118,-49.6,,,,,,,,,,,,,,,
,,,-0.00006,0.00212,-49.6,,,,,,,,,,,,,,,
,,,-0.000058,0.002122,-50.4,,,,,,,,,,,,,,,
,,,-0.000056,0.002124,-50.4,,,,,,,,,,,,,,,
,,,-0.000054,0.002126,-49.6,,,,,,,,,,,,,,,
,,,-0.000052,0.002128,-49.6,,,,,,,,,,,,,,,
,,,-0.00005,0.00213,-49.6,,,,,,,,,,,,,,,
,,,-0.000048,0.002132,-49.6,,,,,,,,,,,,,,,
,,,-0.000046,0.002134,-50.4,,,,,,,,,,,,,,,
,,,-0.000044,0.002136,-50.4,,,,,,,,,,,,,,,
,,,-0.000042,0.002138,-50.4,,,,,,,,,,,,,,,
,,,-0.00004,0.00214,-48.8,,,,,,,,,,,,,,,
,,,-0.000038,0.002142,-44.8,,,,,,,,,,,,,,,
,,,-0.000036,0.002144,-40.8,,,,,,,,,,,,,,,
,,,-0.000034,0.002146,-36.8,,,,,,,,,,,,,,,
,,,-0.000032,0.002148,-32.8,,,,,,,,,,,,,,,
,,,-0.00003,0.00215,-30.4,,,,,,,,,,,,,,,
,,,-0.000028,0.002152,-27.2,,,,,,,,,,,,,,,
,,,-0.000026,0.002154,-23.2,,,,,,,,,,,,,,,
,,,-0.000024,0.002156,-20.8,,,,,,,,,,,,,,,
,,,-0.000022,0.002158,-18.4,,,,,,,,,,,,,,,
,,,-0.00002,0.00216,-15.2,,,,,,,,,,,,,,,
,,,-0.000018,0.002162,-12.8,,,,,,,,,,,,,,,
,,,-0.000016,0.002164,-9.6,,,,,,,,,,,,,,,
,,,-0.000014,0.002166,-8,,,,,,,,,,,,,,,
,,,-0.000012,0.002168,-5.6,,,,,,,,,,,,,,,
,,,-0.00001,0.00217,-3.2,,,,,,,,,,,,,,,
,,,-0.000008,0.002172,-1.6,,,,,,,,,,,,,,,
,,,-0.000006,0.002174,1.6,,,,,,,,,,,,,,,
,,,-0.000004,0.002176,3.2,,,,,,,,,,,,,,,
,,,-0.000002,0.002178,4.8,,,,,,,,,,,,,,,
,,,0,0.00218,6.4,,,,,,,,,,,,,,,
,,,0.000002,0.002182,8,,,,,,,,,,,,,,,
,,,0.000004,0.002184,9.6,,,,,,,,,,,,,,,
,,,0.000006,0.002186,11.2,,,,,,,,,,,,,,,
,,,0.000008,0.002188,12.8,,,,,,,,,,,,,,,
,,,0.00001,0.00219,15.2,,,,,,,,,,,,,,,
,,,0.000012,0.002192,16,,,,,,,,,,,,,,,
,,,0.000014,0.002194,17.6,,,,,,,,,,,,,,,
,,,0.000016,0.002196,18.4,,,,,,,,,,,,,,,
,,,0.000018,0.002198,19.2,,,,,,,,,,,,,,,
,,,0.00002,0.0022,21.6,,,,,,,,,,,,,,,
,,,0.000022,0.002202,22.4,,,,,,,,,,,,,,,
,,,0.000024,0.002204,23.2,,,,,,,,,,,,,,,
,,,0.000026,0.002206,24,,,,,,,,,,,,,,,
,,,0.000028,0.002208,25.6,,,,,,,,,,,,,,,
,,,0.00003,0.00221,26.4,,,,,,,,,,,,,,,
,,,0.000032,0.002212,28,,,,,,,,,,,,,,,
,,,0.000034,0.002214,28,,,,,,,,,,,,,,,
,,,0.000036,0.002216,29.6,,,,,,,,,,,,,,,
,,,0.000038,0.002218,29.6,,,,,,,,,,,,,,,
,,,0.00004,0.00222,31.2,,,,,,,,,,,,,,,
,,,0.000042,0.002222,31.2,,,,,,,,,,,,,,,
,,,0.000044,0.002224,32,,,,,,,,,,,,,,,
,,,0.000046,0.002226,32.8,,,,,,,,,,,,,,,
,,,0.000048,0.002228,33.6,,,,,,,,,,,,,,,
,,,0.00005,0.00223,34.4,,,,,,,,,,,,,,,
,,,0.000052,0.002232,35.2,,,,,,,,,,,,,,,
,,,0.000054,0.002234,35.2,,,,,,,,,,,,,,,
,,,0.000056,0.002236,36,,,,,,,,,,,,,,,
,,,0.000058,0.002238,36.8,,,,,,,,,,,,,,,
,,,0.00006,0.00224,37.6,,,,,,,,,,,,,,,
,,,0.000062,0.002242,37.6,,,,,,,,,,,,,,,
,,,0.000064,0.002244,38.4,,,,,,,,,,,,,,,
,,,0.000066,0.002246,39.2,,,,,,,,,,,,,,,
,,,0.000068,0.002248,39.2,,,,,,,,,,,,,,,
,,,0.00007,0.00225,40,,,,,,,,,,,,,,,
,,,0.000072,0.002252,40,,,,,,,,,,,,,,,
,,,0.000074,0.002254,40.8,,,,,,,,,,,,,,,
,,,0.000076,0.002256,40.8,,,,,,,,,,,,,,,
,,,0.000078,0.002258,41.6,,,,,,,,,,,,,,,
,,,0.00008,0.00226,41.6,,,,,,,,,,,,,,,
,,,0.000082,0.002262,42.4,,,,,,,,,,,,,,,
,,,0.000084,0.002264,42.4,,,,,,,,,,,,,,,
,,,0.000086,0.002266,42.4,,,,,,,,,,,,,,,
,,,0.000088,0.002268,43.2,,,,,,,,,,,,,,,
,,,0.00009,0.00227,43.2,,,,,,,,,,,,,,,
,,,0.000092,0.002272,44,,,,,,,,,,,,,,,
,,,0.000094,0.002274,44,,,,,,,,,,,,,,,
,,,0.000096,0.002276,44,,,,,,,,,,,,,,,
,,,0.000098,0.002278,44.8,,,,,,,,,,,,,,,
,,,0.0001,0.00228,44.8,,,,,,,,,,,,,,,
,,,0.000102,0.002282,44.8,,,,,,,,,,,,,,,
,,,0.000104,0.002284,44.8,,,,,,,,,,,,,,,
,,,0.000106,0.002286,44.8,,,,,,,,,,,,,,,
,,,0.000108,0.002288,45.6,,,,,,,,,,,,,,,
,,,0.00011,0.00229,45.6,,,,,,,,,,,,,,,
,,,0.000112,0.002292,45.6,,,,,,,,,,,,,,,
,,,0.000114,0.002294,45.6,,,,,,,,,,,,,,,
,,,0.000116,0.002296,46.4,,,,,,,,,,,,,,,
,,,0.000118,0.002298,46.4,,,,,,,,,,,,,,,
,,,0.00012,0.0023,46.4,,,,,,,,,,,,,,,
,,,0.000122,0.002302,46.4,,,,,,,,,,,,,,,
,,,0.000124,0.002304,47.2,,,,,,,,,,,,,,,
,,,0.000126,0.002306,46.4,,,,,,,,,,,,,,,
,,,0.000128,0.002308,47.2,,,,,,,,,,,,,,,
,,,0.00013,0.00231,47.2,,,,,,,,,,,,,,,
,,,0.000132,0.002312,47.2,,,,,,,,,,,,,,,
,,,0.000134,0.002314,47.2,,,,,,,,,,,,,,,
,,,0.000136,0.002316,47.2,,,,,,,,,,,,,,,
,,,0.000138,0.002318,48,,,,,,,,,,,,,,,
,,,0.00014,0.00232,47.2,,,,,,,,,,,,,,,
,,,0.000142,0.002322,48,,,,,,,,,,,,,,,
,,,0.000144,0.002324,48,,,,,,,,,,,,,,,
,,,0.000146,0.002326,48,,,,,,,,,,,,,,,
,,,0.000148,0.002328,48,,,,,,,,,,,,,,,
,,,0.00015,0.00233,48,,,,,,,,,,,,,,,
,,,0.000152,0.002332,48.8,,,,,,,,,,,,,,,
,,,0.000154,0.002334,48.8,,,,,,,,,,,,,,,
,,,0.000156,0.002336,48.8,,,,,,,,,,,,,,,
,,,0.000158,0.002338,48.8,,,,,,,,,,,,,,,
,,,0.00016,0.00234,48.8,,,,,,,,,,,,,,,
,,,0.000162,0.002342,48.8,,,,,,,,,,,,,,,
,,,0.000164,0.002344,48.8,,,,,,,,,,,,,,,
,,,0.000166,0.002346,49.6,,,,,,,,,,,,,,,
,,,0.000168,0.002348,48.8,,,,,,,,,,,,,,,
,,,0.00017,0.00235,48.8,,,,,,,,,,,,,,,
,,,0.000172,0.002352,49.6,,,,,,,,,,,,,,,
,,,0.000174,0.002354,48.8,,,,,,,,,,,,,,,
,,,0.000176,0.002356,49.6,,,,,,,,,,,,,,,
,,,0.000178,0.002358,48.8,,,,,,,,,,,,,,,
,,,0.00018,0.00236,49.6,,,,,,,,,,,,,,,
,,,0.000182,0.002362,49.6,,,,,,,,,,,,,,,
,,,0.000184,0.002364,49.6,,,,,,,,,,,,,,,
,,,0.000186,0.002366,49.6,,,,,,,,,,,,,,,
,,,0.000188,0.002368,49.6,,,,,,,,,,,,,,,
,,,0.00019,0.00237,49.6,,,,,,,,,,,,,,,
,,,0.000192,0.002372,49.6,,,,,,,,,,,,,,,
,,,0.000194,0.002374,49.6,,,,,,,,,,,,,,,
,,,0.000196,0.002376,49.6,,,,,,,,,,,,,,,
,,,0.000198,0.002378,49.6,,,,,,,,,,,,,,,
,,,0.0002,0.00238,49.6,,,,,,,,,,,,,,,
,,,0.000202,0.002382,49.6,,,,,,,,,,,,,,,
,,,0.000204,0.002384,49.6,,,,,,,,,,,,,,,
,,,0.000206,0.002386,49.6,,,,,,,,,,,,,,,
,,,0.000208,0.002388,49.6,,,,,,,,,,,,,,,
,,,0.00021,0.00239,49.6,,,,,,,,,,,,,,,
,,,0.000212,0.002392,49.6,,,,,,,,,,,,,,,
,,,0.000214,0.002394,49.6,,,,,,,,,,,,,,,
,,,0.000216,0.002396,49.6,,,,,,,,,,,,,,,
,,,0.000218,0.002398,49.6,,,,,,,,,,,,,,,
,,,0.00022,0.0024,50.4,,,,,,,,,,,,,,,
,,,0.000222,0.002402,50.4,,,,,,,,,,,,,,,
,,,0.000224,0.002404,49.6,,,,,,,,,,,,,,,
,,,0.000226,0.002406,49.6,,,,,,,,,,,,,,,
,,,0.000228,0.002408,49.6,,,,,,,,,,,,,,,
,,,0.00023,0.00241,50.4,,,,,,,,,,,,,,,
,,,0.000232,0.002412,49.6,,,,,,,,,,,,,,,
,,,0.000234,0.002414,50.4,,,,,,,,,,,,,,,
,,,0.000236,0.002416,49.6,,,,,,,,,,,,,,,
,,,0.000238,0.002418,50.4,,,,,,,,,,,,,,,
,,,0.00024,0.00242,50.4,,,,,,,,,,,,,,,
,,,0.000242,0.002422,50.4,,,,,,,,,,,,,,,
,,,0.000244,0.002424,50.4,,,,,,,,,,,,,,,
,,,0.000246,0.002426,50.4,,,,,,,,,,,,,,,
,,,0.000248,0.002428,49.6,,,,,,,,,,,,,,,
,,,0.00025,0.00243,50.4,,,,,,,,,,,,,,,
,,,0.000252,0.002432,49.6,,,,,,,,,,,,,,,
,,,0.000254,0.002434,49.6,,,,,,,,,,,,,,,
,,,0.000256,0.002436,50.4,,,,,,,,,,,,,,,
,,,0.000258,0.002438,50.4,,,,,,,,,,,,,,,
,,,0.00026,0.00244,50.4,,,,,,,,,,,,,,,
,,,0.000262,0.002442,50.4,,,,,,,,,,,,,,,
,,,0.000264,0.002444,50.4,,,,,,,,,,,,,,,
,,,0.000266,0.002446,49.6,,,,,,,,,,,,,,,
,,,0.000268,0.002448,49.6,,,,,,,,,,,,,,,
,,,0.00027,0.00245,50.4,,,,,,,,,,,,,,,
,,,0.000272,0.002452,50.4,,,,,,,,,,,,,,,
,,,0.000274,0.002454,49.6,,,,,,,,,,,,,,,
,,,0.000276,0.002456,50.4,,,,,,,,,,,,,,,
,,,0.000278,0.002458,49.6,,,,,,,,,,,,,,,
,,,0.00028,0.00246,50.4,,,,,,,,,,,,,,,
,,,0.000282,0.002462,50.4,,,,,,,,,,,,,,,
,,,0.000284,0.002464,49.6,,,,,,,,,,,,,,,
,,,0.000286,0.002466,50.4,,,,,,,,,,,,,,,
,,,0.000288,0.002468,50.4,,,,,,,,,,,,,,,
,,,0.00029,0.00247,50.4,,,,,,,,,,,,,,,
,,,0.000292,0.002472,50.4,,,,,,,,,,,,,,,
,,,0.000294,0.002474,50.4,,,,,,,,,,,,,,,
,,,0.000296,0.002476,50.4,,,,,,,,,,,,,,,
,,,0.000298,0.002478,50.4,,,,,,,,,,,,,,,
,,,0.0003,0.00248,50.4,,,,,,,,,,,,,,,
,,,0.000302,0.002482,50.4,,,,,,,,,,,,,,,
,,,0.000304,0.002484,50.4,,,,,,,,,,,,,,,
,,,0.000306,0.002486,50.4,,,,,,,,,,,,,,,
,,,0.000308,0.002488,50.4,,,,,,,,,,,,,,,
,,,0.00031,0.00249,50.4,,,,,,,,,,,,,,,
,,,0.000312,0.002492,50.4,,,,,,,,,,,,,,,
,,,0.000314,0.002494,50.4,,,,,,,,,,,,,,,
,,,0.000316,0.002496,50.4,,,,,,,,,,,,,,,
,,,0.000318,0.002498,50.4,,,,,,,,,,,,,,,
,,,0.00032,0.0025,50.4,,,,,,,,,,,,,,,
,,,0.000322,0.002502,50.4,,,,,,,,,,,,,,,
,,,0.000324,0.002504,50.4,,,,,,,,,,,,,,,
,,,0.000326,0.002506,50.4,,,,,,,,,,,,,,,
,,,0.000328,0.002508,51.2,,,,,,,,,,,,,,,
,,,0.00033,0.00251,50.4,,,,,,,,,,,,,,,
,,,0.000332,0.002512,50.4,,,,,,,,,,,,,,,
,,,0.000334,0.002514,50.4,,,,,,,,,,,,,,,
,,,0.000336,0.002516,50.4,,,,,,,,,,,,,,,
,,,0.000338,0.002518,50.4,,,,,,,,,,,,,,,
,,,0.00034,0.00252,50.4,,,,,,,,,,,,,,,
,,,0.000342,0.002522,50.4,,,,,,,,,,,,,,,
,,,0.000344,0.002524,50.4,,,,,,,,,,,,,,,
,,,0.000346,0.002526,50.4,,,,,,,,,,,,,,,
,,,0.000348,0.002528,50.4,,,,,,,,,,,,,,,
,,,0.00035,0.00253,50.4,,,,,,,,,,,,,,,
,,,0.000352,0.002532,50.4,,,,,,,,,,,,,,,
,,,0.000354,0.002534,50.4,,,,,,,,,,,,,,,
,,,0.000356,0.002536,50.4,,,,,,,,,,,,,,,
,,,0.000358,0.002538,50.4,,,,,,,,,,,,,,,
,,,0.00036,0.00254,50.4,,,,,,,,,,,,,,,
,,,0.000362,0.002542,50.4,,,,,,,,,,,,,,,
,,,0.000364,0.002544,50.4,,,,,,,,,,,,,,,
,,,0.000366,0.002546,50.4,,,,,,,,,,,,,,,
,,,0.000368,0.002548,50.4,,,,,,,,,,,,,,,
,,,0.00037,0.00255,50.4,,,,,,,,,,,,,,,
,,,0.000372,0.002552,50.4,,,,,,,,,,,,,,,
,,,0.000374,0.002554,50.4,,,,,,,,,,,,,,,
,,,0.000376,0.002556,50.4,,,,,,,,,,,,,,,
,,,0.000378,0.002558,50.4,,,,,,,,,,,,,,,
,,,0.00038,0.00256,50.4,,,,,,,,,,,,,,,
,,,0.000382,0.002562,50.4,,,,,,,,,,,,,,,
,,,0.000384,0.002564,50.4,,,,,,,,,,,,,,,
,,,0.000386,0.002566,51.2,,,,,,,,,,,,,,,
,,,0.000388,0.002568,50.4,,,,,,,,,,,,,,,
,,,0.00039,0.00257,50.4,,,,,,,,,,,,,,,
,,,0.000392,0.002572,50.4,,,,,,,,,,,,,,,
,,,0.000394,0.002574,50.4,,,,,,,,,,,,,,,
,,,0.000396,0.002576,50.4,,,,,,,,,,,,,,,
,,,0.000398,0.002578,50.4,,,,,,,,,,,,,,,
,,,0.0004,0.00258,50.4,,,,,,,,,,,,,,,
,,,0.000402,0.002582,50.4,,,,,,,,,,,,,,,
,,,0.000404,0.002584,50.4,,,,,,,,,,,,,,,
,,,0.000406,0.002586,50.4,,,,,,,,,,,,,,,
,,,0.000408,0.002588,50.4,,,,,,,,,,,,,,,
,,,0.00041,0.00259,50.4,,,,,,,,,,,,,,,
,,,0.000412,0.002592,50.4,,,,,,,,,,,,,,,
,,,0.000414,0.002594,50.4,,,,,,,,,,,,,,,
,,,0.000416,0.002596,50.4,,,,,,,,,,,,,,,
,,,0.000418,0.002598,50.4,,,,,,,,,,,,,,,
,,,0.00042,0.0026,50.4,,,,,,,,,,,,,,,
,,,0.000422,0.002602,50.4,,,,,,,,,,,,,,,
,,,0.000424,0.002604,50.4,,,,,,,,,,,,,,,
,,,0.000426,0.002606,50.4,,,,,,,,,,,,,,,
,,,0.000428,0.002608,50.4,,,,,,,,,,,,,,,
,,,0.00043,0.00261,50.4,,,,,,,,,,,,,,,
,,,0.000432,0.002612,50.4,,,,,,,,,,,,,,,
,,,0.000434,0.002614,50.4,,,,,,,,,,,,,,,
,,,0.000436,0.002616,50.4,,,,,,,,,,,,,,,
,,,0.000438,0.002618,50.4,,,,,,,,,,,,,,,
,,,0.00044,0.00262,50.4,,,,,,,,,,,,,,,
,,,0.000442,0.002622,50.4,,,,,,,,,,,,,,,
,,,0.000444,0.002624,50.4,,,,,,,,,,,,,,,
,,,0.000446,0.002626,50.4,,,,,,,,,,,,,,,
,,,0.000448,0.002628,50.4,,,,,,,,,,,,,,,
,,,0.00045,0.00263,50.4,,,,,,,,,,,,,,,
,,,0.000452,0.002632,50.4,,,,,,,,,,,,,,,
,,,0.000454,0.002634,50.4,,,,,,,,,,,,,,,
,,,0.000456,0.002636,50.4,,,,,,,,,,,,,,,
,,,0.000458,0.002638,50.4,,,,,,,,,,,,,,,
,,,0.00046,0.00264,50.4,,,,,,,,,,,,,,,
,,,0.000462,0.002642,48,,,,,,,,,,,,,,,
,,,0.000464,0.002644,44.8,,,,,,,,,,,,,,,
,,,0.000466,0.002646,40.8,,,,,,,,,,,,,,,
,,,0.000468,0.002648,36,,,,,,,,,,,,,,,
,,,0.00047,0.00265,32.8,,,,,,,,,,,,,,,
,,,0.000472,0.002652,29.6,,,,,,,,,,,,,,,
,,,0.000474,0.002654,26.4,,,,,,,,,,,,,,,
,,,0.000476,0.002656,24,,,,,,,,,,,,,,,
,,,0.000478,0.002658,20.8,,,,,,,,,,,,,,,
,,,0.00048,0.00266,18.4,,,,,,,,,,,,,,,
,,,0.000482,0.002662,15.2,,,,,,,,,,,,,,,
,,,0.000484,0.002664,12.8,,,,,,,,,,,,,,,
,,,0.000486,0.002666,10.4,,,,,,,,,,,,,,,
,,,0.000488,0.002668,8,,,,,,,,,,,,,,,
,,,0.00049,0.00267,5.6,,,,,,,,,,,,,,,
,,,0.000492,0.002672,3.2,,,,,,,,,,,,,,,
,,,0.000494,0.002674,1.6,,,,,,,,,,,,,,,
,,,0.000496,0.002676,-0.8,,,,,,,,,,,,,,,
,,,0.000498,0.002678,-3.2,,,,,,,,,,,,,,,
,,,0.0005,0.00268,-4.8,,,,,,,,,,,,,,,
,,,0.000502,0.002682,-6.4,,,,,,,,,,,,,,,
,,,0.000504,0.002684,-8,,,,,,,,,,,,,,,
,,,0.000506,0.002686,-9.6,,,,,,,,,,,,,,,
,,,0.000508,0.002688,-11.2,,,,,,,,,,,,,,,
,,,0.00051,0.00269,-12.8,,,,,,,,,,,,,,,
,,,0.000512,0.002692,-14.4,,,,,,,,,,,,,,,
,,,0.000514,0.002694,-16,,,,,,,,,,,,,,,
,,,0.000516,0.002696,-16.8,,,,,,,,,,,,,,,
,,,0.000518,0.002698,-18.4,,,,,,,,,,,,,,,
,,,0.00052,0.0027,-20,,,,,,,,,,,,,,,
,,,0.000522,0.002702,-20.8,,,,,,,,,,,,,,,
,,,0.000524,0.002704,-22.4,,,,,,,,,,,,,,,
,,,0.000526,0.002706,-23.2,,,,,,,,,,,,,,,
,,,0.000528,0.002708,-24,,,,,,,,,,,,,,,
,,,0.00053,0.00271,-24.8,,,,,,,,,,,,,,,
,,,0.000532,0.002712,-26.4,,,,,,,,,,,,,,,
,,,0.000534,0.002714,-27.2,,,,,,,,,,,,,,,
,,,0.000536,0.002716,-28,,,,,,,,,,,,,,,
,,,0.000538,0.002718,-28.8,,,,,,,,,,,,,,,
,,,0.00054,0.00272,-29.6,,,,,,,,,,,,,,,
,,,0.000542,0.002722,-30.4,,,,,,,,,,,,,,,
,,,0.000544,0.002724,-31.2,,,,,,,,,,,,,,,
,,,0.000546,0.002726,-32,,,,,,,,,,,,,,,
,,,0.000548,0.002728,-32.8,,,,,,,,,,,,,,,
,,,0.00055,0.00273,-33.6,,,,,,,,,,,,,,,
,,,0.000552,0.002732,-34.4,,,,,,,,,,,,,,,
,,,0.000554,0.002734,-34.4,,,,,,,,,,,,,,,
,,,0.000556,0.002736,-35.2,,,,,,,,,,,,,,,
,,,0.000558,0.002738,-36,,,,,,,,,,,,,,,
,,,0.00056,0.00274,-36,,,,,,,,,,,,,,,
,,,0.000562,0.002742,-36.8,,,,,,,,,,,,,,,
,,,0.000564,0.002744,-37.6,,,,,,,,,,,,,,,
,,,0.000566,0.002746,-37.6,,,,,,,,,,,,,,,
,,,0.000568,0.002748,-38.4,,,,,,,,,,,,,,,
,,,0.00057,0.00275,-38.4,,,,,,,,,,,,,,,
,,,0.000572,0.002752,-39.2,,,,,,,,,,,,,,,
,,,0.000574,0.002754,-39.2,,,,,,,,,,,,,,,
,,,0.000576,0.002756,-40,,,,,,,,,,,,,,,
,,,0.000578,0.002758,-40.8,,,,,,,,,,,,,,,
,,,0.00058,0.00276,-40.8,,,,,,,,,,,,,,,
,,,0.000582,0.002762,-40.8,,,,,,,,,,,,,,,
,,,0.000584,0.002764,-41.6,,,,,,,,,,,,,,,
,,,0.000586,0.002766,-41.6,,,,,,,,,,,,,,,
,,,0.000588,0.002768,-42.4,,,,,,,,,,,,,,,
,,,0.00059,0.00277,-42.4,,,,,,,,,,,,,,,
,,,0.000592,0.002772,-42.4,,,,,,,,,,,,,,,
,,,0.000594,0.002774,-42.4,,,,,,,,,,,,,,,
,,,0.000596,0.002776,-43.2,,,,,,,,,,,,,,,
,,,0.000598,0.002778,-44,,,,,,,,,,,,,,,
,,,0.0006,0.00278,-44,,,,,,,,,,,,,,,
,,,0.000602,0.002782,-44,,,,,,,,,,,,,,,
,,,0.000604,0.002784,-44.8,,,,,,,,,,,,,,,
,,,0.000606,0.002786,-44.8,,,,,,,,,,,,,,,
,,,0.000608,0.002788,-44.8,,,,,,,,,,,,,,,
,,,0.00061,0.00279,-44.8,,,,,,,,,,,,,,,
,,,0.000612,0.002792,-45.6,,,,,,,,,,,,,,,
,,,0.000614,0.002794,-44.8,,,,,,,,,,,,,,,
,,,0.000616,0.002796,-45.6,,,,,,,,,,,,,,,
,,,0.000618,0.002798,-45.6,,,,,,,,,,,,,,,
,,,0.00062,0.0028,-45.6,,,,,,,,,,,,,,,
,,,0.000622,0.002802,-46.4,,,,,,,,,,,,,,,
,,,0.000624,0.002804,-46.4,,,,,,,,,,,,,,,
,,,0.000626,0.002806,-45.6,,,,,,,,,,,,,,,
,,,0.000628,0.002808,-46.4,,,,,,,,,,,,,,,
,,,0.00063,0.00281,-46.4,,,,,,,,,,,,,,,
,,,0.000632,0.002812,-46.4,,,,,,,,,,,,,,,
,,,0.000634,0.002814,-47.2,,,,,,,,,,,,,,,
,,,0.000636,0.002816,-47.2,,,,,,,,,,,,,,,
,,,0.000638,0.002818,-47.2,,,,,,,,,,,,,,,
,,,0.00064,0.00282,-47.2,,,,,,,,,,,,,,,
,,,0.000642,0.002822,-47.2,,,,,,,,,,,,,,,
,,,0.000644,0.002824,-47.2,,,,,,,,,,,,,,,
,,,0.000646,0.002826,-47.2,,,,,,,,,,,,,,,
,,,0.000648,0.002828,-47.2,,,,,,,,,,,,,,,
,,,0.00065,0.00283,-48,,,,,,,,,,,,,,,
,,,0.000652,0.002832,-48,,,,,,,,,,,,,,,
,,,0.000654,0.002834,-48,,,,,,,,,,,,,,,
,,,0.000656,0.002836,-48,,,,,,,,,,,,,,,
,,,0.000658,0.002838,-48.8,,,,,,,,,,,,,,,
,,,0.00066,0.00284,-48,,,,,,,,,,,,,,,
,,,0.000662,0.002842,-48.8,,,,,,,,,,,,,,,
,,,0.000664,0.002844,-48.8,,,,,,,,,,,,,,,
,,,0.000666,0.002846,-48.8,,,,,,,,,,,,,,,
,,,0.000668,0.002848,-48.8,,,,,,,,,,,,,,,
,,,0.00067,0.00285,-48,,,,,,,,,,,,,,,
,,,0.000672,0.002852,-48.8,,,,,,,,,,,,,,,
,,,0.000674,0.002854,-48.8,,,,,,,,,,,,,,,
,,,0.000676,0.002856,-48.8,,,,,,,,,,,,,,,
,,,0.000678,0.002858,-48.8,,,,,,,,,,,,,,,
,,,0.00068,0.00286,-48.8,,,,,,,,,,,,,,,
,,,0.000682,0.002862,-48.8,,,,,,,,,,,,,,,
,,,0.000684,0.002864,-48.8,,,,,,,,,,,,,,,
,,,0.000686,0.002866,-48.8,,,,,,,,,,,,,,,
,,,0.000688,0.002868,-48.8,,,,,,,,,,,,,,,
,,,0.00069,0.00287,-48.8,,,,,,,,,,,,,,,
,,,0.000692,0.002872,-48.8,,,,,,,,,,,,,,,
,,,0.000694,0.002874,-49.6,,,,,,,,,,,,,,,
,,,0.000696,0.002876,-48.8,,,,,,,,,,,,,,,
,,,0.000698,0.002878,-48.8,,,,,,,,,,,,,,,
,,,0.0007,0.00288,-49.6,,,,,,,,,,,,,,,
,,,0.000702,0.002882,-49.6,,,,,,,,,,,,,,,
,,,0.000704,0.002884,-48.8,,,,,,,,,,,,,,,
,,,0.000706,0.002886,-49.6,,,,,,,,,,,,,,,
,,,0.000708,0.002888,-49.6,,,,,,,,,,,,,,,
,,,0.00071,0.00289,-49.6,,,,,,,,,,,,,,,
,,,0.000712,0.002892,-49.6,,,,,,,,,,,,,,,
,,,0.000714,0.002894,-49.6,,,,,,,,,,,,,,,
,,,0.000716,0.002896,-48.8,,,,,,,,,,,,,,,
,,,0.000718,0.002898,-49.6,,,,,,,,,,,,,,,
,,,0.00072,0.0029,-49.6,,,,,,,,,,,,,,,
,,,0.000722,0.002902,-49.6,,,,,,,,,,,,,,,
,,,0.000724,0.002904,-49.6,,,,,,,,,,,,,,,
,,,0.000726,0.002906,-49.6,,,,,,,,,,,,,,,
,,,0.000728,0.002908,-49.6,,,,,,,,,,,,,,,
,,,0.00073,0.00291,-49.6,,,,,,,,,,,,,,,
,,,0.000732,0.002912,-49.6,,,,,,,,,,,,,,,
,,,0.000734,0.002914,-49.6,,,,,,,,,,,,,,,
,,,0.000736,0.002916,-49.6,,,,,,,,,,,,,,,
,,,0.000738,0.002918,-49.6,,,,,,,,,,,,,,,
,,,0.00074,0.00292,-49.6,,,,,,,,,,,,,,,
,,,0.000742,0.002922,-49.6,,,,,,,,,,,,,,,
,,,0.000744,0.002924,-49.6,,,,,,,,,,,,,,,
,,,0.000746,0.002926,-49.6,,,,,,,,,,,,,,,
,,,0.000748,0.002928,-49.6,,,,,,,,,,,,,,,
,,,0.00075,0.00293,-49.6,,,,,,,,,,,,,,,
,,,0.000752,0.002932,-49.6,,,,,,,,,,,,,,,
,,,0.000754,0.002934,-49.6,,,,,,,,,,,,,,,
,,,0.000756,0.002936,-49.6,,,,,,,,,,,,,,,
,,,0.000758,0.002938,-49.6,,,,,,,,,,,,,,,
,,,0.00076,0.00294,-49.6,,,,,,,,,,,,,,,
,,,0.000762,0.002942,-49.6,,,,,,,,,,,,,,,
,,,0.000764,0.002944,-49.6,,,,,,,,,,,,,,,
,,,0.000766,0.002946,-49.6,,,,,,,,,,,,,,,
,,,0.000768,0.002948,-49.6,,,,,,,,,,,,,,,
,,,0.00077,0.00295,-49.6,,,,,,,,,,,,,,,
,,,0.000772,0.002952,-49.6,,,,,,,,,,,,,,,
,,,0.000774,0.002954,-49.6,,,,,,,,,,,,,,,
,,,0.000776,0.002956,-50.4,,,,,,,,,,,,,,,
,,,0.000778,0.002958,-49.6,,,,,,,,,,,,,,,
,,,0.00078,0.00296,-50.4,,,,,,,,,,,,,,,
,,,0.000782,0.002962,-49.6,,,,,,,,,,,,,,,
,,,0.000784,0.002964,-49.6,,,,,,,,,,,,,,,
,,,0.000786,0.002966,-49.6,,,,,,,,,,,,,,,
,,,0.000788,0.002968,-49.6,,,,,,,,,,,,,,,
,,,0.00079,0.00297,-49.6,,,,,,,,,,,,,,,
,,,0.000792,0.002972,-50.4,,,,,,,,,,,,,,,
,,,0.000794,0.002974,-49.6,,,,,,,,,,,,,,,
,,,0.000796,0.002976,-49.6,,,,,,,,,,,,,,,
,,,0.000798,0.002978,-50.4,,,,,,,,,,,,,,,
,,,0.0008,0.00298,-50.4,,,,,,,,,,,,,,,
,,,0.000802,0.002982,-50.4,,,,,,,,,,,,,,,
,,,0.000804,0.002984,-50.4,,,,,,,,,,,,,,,
,,,0.000806,0.002986,-49.6,,,,,,,,,,,,,,,
,,,0.000808,0.002988,-49.6,,,,,,,,,,,,,,,
,,,0.00081,0.00299,-49.6,,,,,,,,,,,,,,,
,,,0.000812,0.002992,-50.4,,,,,,,,,,,,,,,
,,,0.000814,0.002994,-49.6,,,,,,,,,,,,,,,
,,,0.000816,0.002996,-50.4,,,,,,,,,,,,,,,
,,,0.000818,0.002998,-50.4,,,,,,,,,,,,,,,
,,,0.00082,0.003,-50.4,,,,,,,,,,,,,,,
,,,0.000822,0.003002,-50.4,,,,,,,,,,,,,,,
,,,0.000824,0.003004,-50.4,,,,,,,,,,,,,,,
,,,0.000826,0.003006,-49.6,,,,,,,,,,,,,,,
,,,0.000828,0.003008,-49.6,,,,,,,,,,,,,,,
,,,0.00083,0.00301,-49.6,,,,,,,,,,,,,,,
,,,0.000832,0.003012,-49.6,,,,,,,,,,,,,,,
,,,0.000834,0.003014,-49.6,,,,,,,,,,,,,,,
,,,0.000836,0.003016,-49.6,,,,,,,,,,,,,,,
,,,0.000838,0.003018,-49.6,,,,,,,,,,,,,,,
,,,0.00084,0.00302,-50.4,,,,,,,,,,,,,,,
,,,0.000842,0.003022,-50.4,,,,,,,,,,,,,,,
,,,0.000844,0.003024,-49.6,,,,,,,,,,,,,,,
,,,0.000846,0.003026,-50.4,,,,,,,,,,,,,,,
,,,0.000848,0.003028,-49.6,,,,,,,,,,,,,,,
,,,0.00085,0.00303,-49.6,,,,,,,,,,,,,,,
,,,0.000852,0.003032,-49.6,,,,,,,,,,,,,,,
,,,0.000854,0.003034,-50.4,,,,,,,,,,,,,,,
,,,0.000856,0.003036,-50.4,,,,,,,,,,,,,,,
,,,0.000858,0.003038,-50.4,,,,,,,,,,,,,,,
,,,0.00086,0.00304,-49.6,,,,,,,,,,,,,,,
,,,0.000862,0.003042,-50.4,,,,,,,,,,,,,,,
,,,0.000864,0.003044,-50.4,,,,,,,,,,,,,,,
,,,0.000866,0.003046,-49.6,,,,,,,,,,,,,,,
,,,0.000868,0.003048,-49.6,,,,,,,,,,,,,,,
,,,0.00087,0.00305,-50.4,,,,,,,,,,,,,,,
,,,0.000872,0.003052,-50.4,,,,,,,,,,,,,,,
,,,0.000874,0.003054,-50.4,,,,,,,,,,,,,,,
,,,0.000876,0.003056,-50.4,,,,,,,,,,,,,,,
,,,0.000878,0.003058,-49.6,,,,,,,,,,,,,,,
,,,0.00088,0.00306,-50.4,,,,,,,,,,,,,,,
,,,0.000882,0.003062,-50.4,,,,,,,,,,,,,,,
,,,0.000884,0.003064,-49.6,,,,,,,,,,,,,,,
,,,0.000886,0.003066,-50.4,,,,,,,,,,,,,,,
,,,0.000888,0.003068,-50.4,,,,,,,,,,,,,,,
,,,0.00089,0.00307,-49.6,,,,,,,,,,,,,,,
,,,0.000892,0.003072,-50.4,,,,,,,,,,,,,,,
,,,0.000894,0.003074,-50.4,,,,,,,,,,,,,,,
,,,0.000896,0.003076,-50.4,,,,,,,,,,,,,,,
,,,0.000898,0.003078,-50.4,,,,,,,,,,,,,,,
,,,0.0009,0.00308,-50.4,,,,,,,,,,,,,,,
,,,0.000902,0.003082,-50.4,,,,,,,,,,,,,,,
,,,0.000904,0.003084,-50.4,,,,,,,,,,,,,,,
,,,0.000906,0.003086,-50.4,,,,,,,,,,,,,,,
,,,0.000908,0.003088,-50.4,,,,,,,,,,,,,,,
,,,0.00091,0.00309,-49.6,,,,,,,,,,,,,,,
,,,0.000912,0.003092,-50.4,,,,,,,,,,,,,,,
,,,0.000914,0.003094,-49.6,,,,,,,,,,,,,,,
,,,0.000916,0.003096,-50.4,,,,,,,,,,,,,,,
,,,0.000918,0.003098,-50.4,31.8528,,,,,,,,,,,,,,
,,,0.00092,0.0031,-49.6,,,,,,,,,,,,,,,
,,,0.000922,0.003102,-49.6,,,,,,,,,,,,,,,
,,,0.000924,0.003104,-50.4,,,,,,,,,,,,,,,
,,,0.000926,0.003106,-50.4,,,,,,,,,,,,,,,
,,,0.000928,0.003108,-50.4,,,,,,,,,,,,,,,
,,,0.00093,0.00311,-50.4,,,,,,,,,,,,,,,
,,,0.000932,0.003112,-50.4,,,,,,,,,,,,,,,
,,,0.000934,0.003114,-50.4,,,,,,,,,,,,,,,
,,,0.000936,0.003116,-50.4,,,,,,,,,,,,,,,
,,,0.000938,0.003118,-50.4,,,,,,,,,,,,,,,
,,,0.00094,0.00312,-49.6,,,,,,,,,,,,,,,
,,,0.000942,0.003122,-50.4,,,,,,,,,,,,,,,
,,,0.000944,0.003124,-49.6,,,,,,,,,,,,,,,
,,,0.000946,0.003126,-50.4,,,,,,,,,,,,,,,
,,,0.000948,0.003128,-49.6,,,,,,,,,,,,,,,
,,,0.00095,0.00313,-50.4,,,,,,,,,,,,,,,
,,,0.000952,0.003132,-50.4,,,,,,,,,,,,,,,
,,,0.000954,0.003134,-50.4,,,,,,,,,,,,,,,
,,,0.000956,0.003136,-49.6,,,,,,,,,,,,,,,
,,,0.000958,0.003138,-49.6,,,,,,,,,,,,,,,
,,,0.00096,0.00314,-48,,,,,,,,,,,,,,,
,,,0.000962,0.003142,-44,,,,,,,,,,,,,,,
,,,0.000964,0.003144,-40,,,,,,,,,,,,,,,
,,,0.000966,0.003146,-36.8,,,,,,,,,,,,,,,
,,,0.000968,0.003148,-33.6,,,,,,,,,,,,,,,
,,,0.00097,0.00315,-30.4,,,,,,,,,,,,,,,
,,,0.000972,0.003152,-27.2,,,,,,,,,,,,,,,
,,,0.000974,0.003154,-24,,,,,,,,,,,,,,,
,,,0.000976,0.003156,-20.8,,,,,,,,,,,,,,,
,,,0.000978,0.003158,-17.6,,,,,,,,,,,,,,,
,,,0.00098,0.00316,-15.2,,,,,,,,,,,,,,,
,,,0.000982,0.003162,-12.8,,,,,,,,,,,,,,,
,,,0.000984,0.003164,-9.6,,,,,,,,,,,,,,,
,,,0.000986,0.003166,-8,,,,,,,,,,,,,,,
,,,0.000988,0.003168,-5.6,,,,,,,,,,,,,,,
,,,0.00099,0.00317,-3.2,,,,,,,,,,,,,,,
,,,0.000992,0.003172,-1.6,,,,,,,,,,,,,,,
,,,0.000994,0.003174,0.8,,,,,,,,,,,,,,,
,,,0.000996,0.003176,3.2,,,,,,,,,,,,,,,
,,,0.000998,0.003178,4.8,,,,,,,,,,,,,,,
,,,0.001,0.00318,6.4,,,,,,,,,,,,,,,
,,,0.001002,0.003182,8,,,,,,,,,,,,,,,
,,,0.001004,0.003184,10.4,,,,,,,,,,,,,,,
,,,0.001006,0.003186,11.2,,,,,,,,,,,,,,,
,,,0.001008,0.003188,12.8,,,,,,,,,,,,,,,
,,,0.00101,0.00319,14.4,,,,,,,,,,,,,,,
,,,0.001012,0.003192,16,,,,,,,,,,,,,,,
,,,0.001014,0.003194,17.6,,,,,,,,,,,,,,,
,,,0.001016,0.003196,18.4,,,,,,,,,,,,,,,
,,,0.001018,0.003198,20,,,,,,,,,,,,,,,
,,,0.00102,0.0032,20.8,,,,,,,,,,,,,,,
,,,0.001022,0.003202,22.4,,,,,,,,,,,,,,,
,,,0.001024,0.003204,23.2,,,,,,,,,,,,,,,
,,,0.001026,0.003206,24,,,,,,,,,,,,,,,
,,,0.001028,0.003208,25.6,,,,,,,,,,,,,,,
,,,0.00103,0.00321,26.4,,,,,,,,,,,,,,,
,,,0.001032,0.003212,27.2,,,,,,,,,,,,,,,
,,,0.001034,0.003214,28,,,,,,,,,,,,,,,
,,,0.001036,0.003216,28.8,,,,,,,,,,,,,,,
,,,0.001038,0.003218,30.4,,,,,,,,,,,,,,,
,,,0.00104,0.00322,31.2,,,,,,,,,,,,,,,
,,,0.001042,0.003222,32,,,,,,,,,,,,,,,
,,,0.001044,0.003224,32.8,,,,,,,,,,,,,,,
,,,0.001046,0.003226,32.8,,,,,,,,,,,,,,,
,,,0.001048,0.003228,33.6,,,,,,,,,,,,,,,
,,,0.00105,0.00323,34.4,,,,,,,,,,,,,,,
,,,0.001052,0.003232,35.2,,,,,,,,,,,,,,,
,,,0.001054,0.003234,35.2,,,,,,,,,,,,,,,
,,,0.001056,0.003236,36,,,,,,,,,,,,,,,
,,,0.001058,0.003238,36.8,,,,,,,,,,,,,,,
,,,0.00106,0.00324,37.6,,,,,,,,,,,,,,,
,,,0.001062,0.003242,37.6,,,,,,,,,,,,,,,
,,,0.001064,0.003244,38.4,,,,,,,,,,,,,,,
,,,0.001066,0.003246,38.4,,,,,,,,,,,,,,,
,,,0.001068,0.003248,39.2,,,,,,,,,,,,,,,
,,,0.00107,0.00325,40,,,,,,,,,,,,,,,
,,,0.001072,0.003252,40,,,,,,,,,,,,,,,
,,,0.001074,0.003254,40.8,,,,,,,,,,,,,,,
,,,0.001076,0.003256,40.8,,,,,,,,,,,,,,,
,,,0.001078,0.003258,41.6,,,,,,,,,,,,,,,
,,,0.00108,0.00326,41.6,,,,,,,,,,,,,,,
,,,0.001082,0.003262,42.4,,,,,,,,,,,,,,,
,,,0.001084,0.003264,42.4,,,,,,,,,,,,,,,
,,,0.001086,0.003266,43.2,,,,,,,,,,,,,,,
,,,0.001088,0.003268,43.2,,,,,,,,,,,,,,,
,,,0.00109,0.00327,44,,,,,,,,,,,,,,,
,,,0.001092,0.003272,44,,,,,,,,,,,,,,,
,,,0.001094,0.003274,44.8,,,,,,,,,,,,,,,
,,,0.001096,0.003276,44,,,,,,,,,,,,,,,
,,,0.001098,0.003278,44.8,,,,,,,,,,,,,,,
,,,0.0011,0.00328,44.8,,,,,,,,,,,,,,,
,,,0.001102,0.003282,45.6,,,,,,,,,,,,,,,
,,,0.001104,0.003284,45.6,,,,,,,,,,,,,,,
,,,0.001106,0.003286,45.6,,,,,,,,,,,,,,,
,,,0.001108,0.003288,45.6,,,,,,,,,,,,,,,
,,,0.00111,0.00329,45.6,,,,,,,,,,,,,,,
,,,0.001112,0.003292,45.6,,,,,,,,,,,,,,,
,,,0.001114,0.003294,45.6,,,,,,,,,,,,,,,
,,,0.001116,0.003296,45.6,,,,,,,,,,,,,,,
,,,0.001118,0.003298,46.4,,,,,,,,,,,,,,,
,,,0.00112,0.0033,46.4,,,,,,,,,,,,,,,
,,,0.001122,0.003302,47.2,,,,,,,,,,,,,,,
,,,0.001124,0.003304,46.4,,,,,,,,,,,,,,,
,,,0.001126,0.003306,47.2,,,,,,,,,,,,,,,
,,,0.001128,0.003308,47.2,,,,,,,,,,,,,,,
,,,0.00113,0.00331,47.2,,,,,,,,,,,,,,,
,,,0.001132,0.003312,47.2,,,,,,,,,,,,,,,
,,,0.001134,0.003314,47.2,,,,,,,,,,,,,,,
,,,0.001136,0.003316,47.2,,,,,,,,,,,,,,,
,,,0.001138,0.003318,47.2,,,,,,,,,,,,,,,
,,,0.00114,0.00332,48,,,,,,,,,,,,,,,
,,,0.001142,0.003322,48,,,,,,,,,,,,,,,
,,,0.001144,0.003324,48,,,,,,,,,,,,,,,
,,,0.001146,0.003326,48,,,,,,,,,,,,,,,
,,,0.001148,0.003328,48,,,,,,,,,,,,,,,
,,,0.00115,0.00333,48,,,,,,,,,,,,,,,
,,,0.001152,0.003332,48.8,,,,,,,,,,,,,,,
,,,0.001154,0.003334,48,,,,,,,,,,,,,,,
,,,0.001156,0.003336,48.8,,,,,,,,,,,,,,,
,,,0.001158,0.003338,48,,,,,,,,,,,,,,,
,,,0.00116,0.00334,48.8,,,,,,,,,,,,,,,
,,,0.001162,0.003342,48.8,,,,,,,,,,,,,,,
,,,0.001164,0.003344,49.6,,,,,,,,,,,,,,,
,,,0.001166,0.003346,49.6,,,,,,,,,,,,,,,
,,,0.001168,0.003348,48.8,,,,,,,,,,,,,,,
,,,0.00117,0.00335,48.8,,,,,,,,,,,,,,,
,,,0.001172,0.003352,48.8,,,,,,,,,,,,,,,
,,,0.001174,0.003354,49.6,,,,,,,,,,,,,,,
,,,0.001176,0.003356,48.8,,,,,,,,,,,,,,,
,,,0.001178,0.003358,49.6,,,,,,,,,,,,,,,
,,,0.00118,0.00336,49.6,,,,,,,,,,,,,,,
,,,0.001182,0.003362,49.6,,,,,,,,,,,,,,,
,,,0.001184,0.003364,49.6,,,,,,,,,,,,,,,
,,,0.001186,0.003366,48.8,,,,,,,,,,,,,,,
,,,0.001188,0.003368,49.6,,,,,,,,,,,,,,,
,,,0.00119,0.00337,49.6,,,,,,,,,,,,,,,
,,,0.001192,0.003372,49.6,,,,,,,,,,,,,,,
,,,0.001194,0.003374,49.6,,,,,,,,,,,,,,,
,,,0.001196,0.003376,49.6,,,,,,,,,,,,,,,
,,,0.001198,0.003378,49.6,,,,,,,,,,,,,,,
,,,0.0012,0.00338,49.6,,,,,,,,,,,,,,,
,,,0.001202,0.003382,49.6,,,,,,,,,,,,,,,
,,,0.001204,0.003384,49.6,,,,,,,,,,,,,,,
,,,0.001206,0.003386,49.6,,,,,,,,,,,,,,,
,,,0.001208,0.003388,50.4,,,,,,,,,,,,,,,
,,,0.00121,0.00339,49.6,,,,,,,,,,,,,,,
,,,0.001212,0.003392,49.6,,,,,,,,,,,,,,,
,,,0.001214,0.003394,49.6,,,,,,,,,,,,,,,
,,,0.001216,0.003396,49.6,,,,,,,,,,,,,,,
,,,0.001218,0.003398,49.6,,,,,,,,,,,,,,,
,,,0.00122,0.0034,49.6,,,,,,,,,,,,,,,
,,,0.001222,0.003402,50.4,,,,,,,,,,,,,,,
,,,0.001224,0.003404,50.4,,,,,,,,,,,,,,,
,,,0.001226,0.003406,49.6,,,,,,,,,,,,,,,
,,,0.001228,0.003408,49.6,,,,,,,,,,,,,,,
,,,0.00123,0.00341,49.6,,,,,,,,,,,,,,,
,,,0.001232,0.003412,50.4,,,,,,,,,,,,,,,
,,,0.001234,0.003414,49.6,,,,,,,,,,,,,,,
,,,0.001236,0.003416,50.4,,,,,,,,,,,,,,,
,,,0.001238,0.003418,50.4,,,,,,,,,,,,,,,
,,,0.00124,0.00342,49.6,,,,,,,,,,,,,,,
,,,0.001242,0.003422,50.4,,,,,,,,,,,,,,,
,,,0.001244,0.003424,49.6,,,,,,,,,,,,,,,
,,,0.001246,0.003426,50.4,,,,,,,,,,,,,,,
,,,0.001248,0.003428,49.6,,,,,,,,,,,,,,,
,,,0.00125,0.00343,50.4,,,,,,,,,,,,,,,
,,,0.001252,0.003432,50.4,,,,,,,,,,,,,,,
,,,0.001254,0.003434,50.4,,,,,,,,,,,,,,,
,,,0.001256,0.003436,50.4,,,,,,,,,,,,,,,
,,,0.001258,0.003438,50.4,,,,,,,,,,,,,,,
,,,0.00126,0.00344,50.4,,,,,,,,,,,,,,,
,,,0.001262,0.003442,50.4,,,,,,,,,,,,,,,
,,,0.001264,0.003444,50.4,,,,,,,,,,,,,,,
,,,0.001266,0.003446,50.4,,,,,,,,,,,,,,,
,,,0.001268,0.003448,50.4,,,,,,,,,,,,,,,
,,,0.00127,0.00345,50.4,,,,,,,,,,,,,,,
,,,0.001272,0.003452,50.4,,,,,,,,,,,,,,,
,,,0.001274,0.003454,50.4,,,,,,,,,,,,,,,
,,,0.001276,0.003456,50.4,,,,,,,,,,,,,,,
,,,0.001278,0.003458,50.4,,,,,,,,,,,,,,,
,,,0.00128,0.00346,50.4,,,,,,,,,,,,,,,
,,,0.001282,0.003462,50.4,,,,,,,,,,,,,,,
,,,0.001284,0.003464,50.4,,,,,,,,,,,,,,,
,,,0.001286,0.003466,50.4,,,,,,,,,,,,,,,
,,,0.001288,0.003468,50.4,,,,,,,,,,,,,,,
,,,0.00129,0.00347,50.4,,,,,,,,,,,,,,,
,,,0.001292,0.003472,50.4,,,,,,,,,,,,,,,
,,,0.001294,0.003474,49.6,,,,,,,,,,,,,,,
,,,0.001296,0.003476,50.4,,,,,,,,,,,,,,,
,,,0.001298,0.003478,50.4,,,,,,,,,,,,,,,
,,,0.0013,0.00348,50.4,,,,,,,,,,,,,,,
,,,0.001302,0.003482,50.4,,,,,,,,,,,,,,,
,,,0.001304,0.003484,50.4,,,,,,,,,,,,,,,
,,,0.001306,0.003486,50.4,,,,,,,,,,,,,,,
,,,0.001308,0.003488,50.4,,,,,,,,,,,,,,,
,,,0.00131,0.00349,50.4,,,,,,,,,,,,,,,
,,,0.001312,0.003492,50.4,,,,,,,,,,,,,,,
,,,0.001314,0.003494,50.4,,,,,,,,,,,,,,,
,,,0.001316,0.003496,50.4,,,,,,,,,,,,,,,
,,,0.001318,0.003498,50.4,,,,,,,,,,,,,,,
,,,0.00132,0.0035,49.6,,,,,,,,,,,,,,,
,,,0.001322,0.003502,50.4,,,,,,,,,,,,,,,
,,,0.001324,0.003504,50.4,,,,,,,,,,,,,,,
,,,0.001326,0.003506,50.4,,,,,,,,,,,,,,,
,,,0.001328,0.003508,50.4,,,,,,,,,,,,,,,
,,,0.00133,0.00351,50.4,,,,,,,,,,,,,,,
,,,0.001332,0.003512,50.4,,,,,,,,,,,,,,,
,,,0.001334,0.003514,50.4,,,,,,,,,,,,,,,
,,,0.001336,0.003516,51.2,,,,,,,,,,,,,,,
,,,0.001338,0.003518,50.4,,,,,,,,,,,,,,,
,,,0.00134,0.00352,50.4,,,,,,,,,,,,,,,
,,,0.001342,0.003522,50.4,,,,,,,,,,,,,,,
,,,0.001344,0.003524,50.4,,,,,,,,,,,,,,,
,,,0.001346,0.003526,50.4,,,,,,,,,,,,,,,
,,,0.001348,0.003528,50.4,,,,,,,,,,,,,,,
,,,0.00135,0.00353,50.4,,,,,,,,,,,,,,,
,,,0.001352,0.003532,50.4,,,,,,,,,,,,,,,
,,,0.001354,0.003534,50.4,,,,,,,,,,,,,,,
,,,0.001356,0.003536,50.4,,,,,,,,,,,,,,,
,,,0.001358,0.003538,50.4,,,,,,,,,,,,,,,
,,,0.00136,0.00354,50.4,,,,,,,,,,,,,,,
,,,0.001362,0.003542,50.4,,,,,,,,,,,,,,,
,,,0.001364,0.003544,50.4,,,,,,,,,,,,,,,
,,,0.001366,0.003546,50.4,,,,,,,,,,,,,,,
,,,0.001368,0.003548,50.4,,,,,,,,,,,,,,,
,,,0.00137,0.00355,50.4,,,,,,,,,,,,,,,
,,,0.001372,0.003552,50.4,,,,,,,,,,,,,,,
,,,0.001374,0.003554,50.4,,,,,,,,,,,,,,,
,,,0.001376,0.003556,50.4,,,,,,,,,,,,,,,
,,,0.001378,0.003558,50.4,,,,,,,,,,,,,,,
,,,0.00138,0.00356,50.4,,,,,,,,,,,,,,,
,,,0.001382,0.003562,50.4,,,,,,,,,,,,,,,
,,,0.001384,0.003564,50.4,,,,,,,,,,,,,,,
,,,0.001386,0.003566,50.4,,,,,,,,,,,,,,,
,,,0.001388,0.003568,50.4,,,,,,,,,,,,,,,
,,,0.00139,0.00357,50.4,,,,,,,,,,,,,,,
,,,0.001392,0.003572,50.4,,,,,,,,,,,,,,,
,,,0.001394,0.003574,50.4,,,,,,,,,,,,,,,
,,,0.001396,0.003576,50.4,,,,,,,,,,,,,,,
,,,0.001398,0.003578,50.4,,,,,,,,,,,,,,,
,,,0.0014,0.00358,51.2,,,,,,,,,,,,,,,
,,,0.001402,0.003582,50.4,,,,,,,,,,,,,,,
,,,0.001404,0.003584,50.4,,,,,,,,,,,,,,,
,,,0.001406,0.003586,50.4,,,,,,,,,,,,,,,
,,,0.001408,0.003588,50.4,,,,,,,,,,,,,,,
,,,0.00141,0.00359,50.4,,,,,,,,,,,,,,,
,,,0.001412,0.003592,50.4,,,,,,,,,,,,,,,
,,,0.001414,0.003594,50.4,,,,,,,,,,,,,,,
,,,0.001416,0.003596,50.4,,,,,,,,,,,,,,,
,,,0.001418,0.003598,50.4,,,,,,,,,,,,,,,
,,,0.00142,0.0036,50.4,,,,,,,,,,,,,,,
,,,0.001422,0.003602,50.4,,,,,,,,,,,,,,,
,,,0.001424,0.003604,50.4,,,,,,,,,,,,,,,
,,,0.001426,0.003606,50.4,,,,,,,,,,,,,,,
,,,0.001428,0.003608,49.6,,,,,,,,,,,,,,,
,,,0.00143,0.00361,50.4,,,,,,,,,,,,,,,
,,,0.001432,0.003612,50.4,,,,,,,,,,,,,,,
,,,0.001434,0.003614,50.4,,,,,,,,,,,,,,,
,,,0.001436,0.003616,50.4,,,,,,,,,,,,,,,
,,,0.001438,0.003618,50.4,,,,,,,,,,,,,,,
,,,0.00144,0.00362,50.4,,,,,,,,,,,,,,,
,,,0.001442,0.003622,50.4,,,,,,,,,,,,,,,
,,,0.001444,0.003624,50.4,,,,,,,,,,,,,,,
,,,0.001446,0.003626,50.4,,,,,,,,,,,,,,,
,,,0.001448,0.003628,50.4,,,,,,,,,,,,,,,
,,,0.00145,0.00363,50.4,,,,,,,,,,,,,,,
,,,0.001452,0.003632,50.4,,,,,,,,,,,,,,,
,,,0.001454,0.003634,50.4,,,,,,,,,,,,,,,
,,,0.001456,0.003636,50.4,,,,,,,,,,,,,,,
,,,0.001458,0.003638,50.4,,,,,,,,,,,,,,,
,,,0.00146,0.00364,50.4,,,,,,,,,,,,,,,
,,,0.001462,0.003642,48,,,,,,,,,,,,,,,
,,,0.001464,0.003644,44,,,,,,,,,,,,,,,
,,,0.001466,0.003646,40,,,,,,,,,,,,,,,
,,,0.001468,0.003648,36.8,,,,,,,,,,,,,,,
,,,0.00147,0.00365,32.8,,,,,,,,,,,,,,,
,,,0.001472,0.003652,29.6,,,,,,,,,,,,,,,
,,,0.001474,0.003654,26.4,,,,,,,,,,,,,,,
,,,0.001476,0.003656,24,,,,,,,,,,,,,,,
,,,0.001478,0.003658,20.8,,,,,,,,,,,,,,,
,,,0.00148,0.00366,18.4,,,,,,,,,,,,,,,
,,,0.001482,0.003662,15.2,,,,,,,,,,,,,,,
,,,0.001484,0.003664,12.8,,,,,,,,,,,,,,,
,,,0.001486,0.003666,10.4,,,,,,,,,,,,,,,
,,,0.001488,0.003668,8,,,,,,,,,,,,,,,
,,,0.00149,0.00367,5.6,,,,,,,,,,,,,,,
,,,0.001492,0.003672,3.2,,,,,,,,,,,,,,,
,,,0.001494,0.003674,0.8,,,,,,,,,,,,,,,
,,,0.001496,0.003676,-0.8,,,,,,,,,,,,,,,
,,,0.001498,0.003678,-2.4,,,,,,,,,,,,,,,
,,,0.0015,0.00368,-4,,,,,,,,,,,,,,,
,,,0.001502,0.003682,-6.4,,,,,,,,,,,,,,,
,,,0.001504,0.003684,-8,,,,,,,,,,,,,,,
,,,0.001506,0.003686,-9.6,,,,,,,,,,,,,,,
,,,0.001508,0.003688,-11.2,,,,,,,,,,,,,,,
,,,0.00151,0.00369,-12.8,,,,,,,,,,,,,,,
,,,0.001512,0.003692,-13.6,,,,,,,,,,,,,,,
,,,0.001514,0.003694,-16,,,,,,,,,,,,,,,
,,,0.001516,0.003696,-16.8,,,,,,,,,,,,,,,
,,,0.001518,0.003698,-18.4,,,,,,,,,,,,,,,
,,,0.00152,0.0037,-20,,,,,,,,,,,,,,,
,,,0.001522,0.003702,-20.8,,,,,,,,,,,,,,,
,,,0.001524,0.003704,-21.6,,,,,,,,,,,,,,,
,,,0.001526,0.003706,-23.2,,,,,,,,,,,,,,,
,,,0.001528,0.003708,-24,,,,,,,,,,,,,,,
,,,0.00153,0.00371,-24.8,,,,,,,,,,,,,,,
,,,0.001532,0.003712,-26.4,,,,,,,,,,,,,,,
,,,0.001534,0.003714,-27.2,,,,,,,,,,,,,,,
,,,0.001536,0.003716,-28,,,,,,,,,,,,,,,
,,,0.001538,0.003718,-28.8,,,,,,,,,,,,,,,
,,,0.00154,0.00372,-29.6,,,,,,,,,,,,,,,
,,,0.001542,0.003722,-30.4,,,,,,,,,,,,,,,
,,,0.001544,0.003724,-31.2,,,,,,,,,,,,,,,
,,,0.001546,0.003726,-32,,,,,,,,,,,,,,,
,,,0.001548,0.003728,-32.8,,,,,,,,,,,,,,,
,,,0.00155,0.00373,-33.6,,,,,,,,,,,,,,,
,,,0.001552,0.003732,-33.6,,,,,,,,,,,,,,,
,,,0.001554,0.003734,-34.4,,,,,,,,,,,,,,,
,,,0.001556,0.003736,-35.2,,,,,,,,,,,,,,,
,,,0.001558,0.003738,-35.2,,,,,,,,,,,,,,,
,,,0.00156,0.00374,-36.8,,,,,,,,,,,,,,,
,,,0.001562,0.003742,-37.6,,,,,,,,,,,,,,,
,,,0.001564,0.003744,-37.6,,,,,,,,,,,,,,,
,,,0.001566,0.003746,-37.6,,,,,,,,,,,,,,,
,,,0.001568,0.003748,-38.4,,,,,,,,,,,,,,,
,,,0.00157,0.00375,-38.4,,,,,,,,,,,,,,,
,,,0.001572,0.003752,-39.2,,,,,,,,,,,,,,,
,,,0.001574,0.003754,-40,,,,,,,,,,,,,,,
,,,0.001576,0.003756,-40,,,,,,,,,,,,,,,
,,,0.001578,0.003758,-40,,,,,,,,,,,,,,,
,,,0.00158,0.00376,-40.8,,,,,,,,,,,,,,,
,,,0.001582,0.003762,-40.8,,,,,,,,,,,,,,,
,,,0.001584,0.003764,-41.6,,,,,,,,,,,,,,,
,,,0.001586,0.003766,-42.4,,,,,,,,,,,,,,,
,,,0.001588,0.003768,-42.4,,,,,,,,,,,,,,,
,,,0.00159,0.00377,-42.4,,,,,,,,,,,,,,,
,,,0.001592,0.003772,-42.4,,,,,,,,,,,,,,,
,,,0.001594,0.003774,-43.2,,,,,,,,,,,,,,,
,,,0.001596,0.003776,-43.2,,,,,,,,,,,,,,,
,,,0.001598,0.003778,-44,,,,,,,,,,,,,,,
,,,0.0016,0.00378,-44,,,,,,,,,,,,,,,
,,,0.001602,0.003782,-44,,,,,,,,,,,,,,,
,,,0.001604,0.003784,-44,,,,,,,,,,,,,,,
,,,0.001606,0.003786,-44.8,,,,,,,,,,,,,,,
,,,0.001608,0.003788,-44.8,,,,,,,,,,,,,,,
,,,0.00161,0.00379,-45.6,,,,,,,,,,,,,,,
,,,0.001612,0.003792,-44.8,,,,,,,,,,,,,,,
,,,0.001614,0.003794,-45.6,,,,,,,,,,,,,,,
,,,0.001616,0.003796,-45.6,,,,,,,,,,,,,,,
,,,0.001618,0.003798,-45.6,,,,,,,,,,,,,,,
,,,0.00162,0.0038,-46.4,,,,,,,,,,,,,,,
,,,0.001622,0.003802,-46.4,,,,,,,,,,,,,,,
,,,0.001624,0.003804,-45.6,,,,,,,,,,,,,,,
,,,0.001626,0.003806,-46.4,,,,,,,,,,,,,,,
,,,0.001628,0.003808,-46.4,,,,,,,,,,,,,,,
,,,0.00163,0.00381,-46.4,,,,,,,,,,,,,,,
,,,0.001632,0.003812,-46.4,,,,,,,,,,,,,,,
,,,0.001634,0.003814,-46.4,,,,,,,,,,,,,,,
,,,0.001636,0.003816,-47.2,,,,,,,,,,,,,,,
,,,0.001638,0.003818,-47.2,,,,,,,,,,,,,,,
,,,0.00164,0.00382,-47.2,,,,,,,,,,,,,,,
,,,0.001642,0.003822,-47.2,,,,,,,,,,,,,,,
,,,0.001644,0.003824,-47.2,,,,,,,,,,,,,,,
,,,0.001646,0.003826,-47.2,,,,,,,,,,,,,,,
,,,0.001648,0.003828,-47.2,,,,,,,,,,,,,,,
,,,0.00165,0.00383,-48,,,,,,,,,,,,,,,
,,,0.001652,0.003832,-48,,,,,,,,,,,,,,,
,,,0.001654,0.003834,-48,,,,,,,,,,,,,,,
,,,0.001656,0.003836,-48,,,,,,,,,,,,,,,
,,,0.001658,0.003838,-48,,,,,,,,,,,,,,,
,,,0.00166,0.00384,-48,,,,,,,,,,,,,,,
,,,0.001662,0.003842,-48,,,,,,,,,,,,,,,
,,,0.001664,0.003844,-48,,,,,,,,,,,,,,,
,,,0.001666,0.003846,-48.8,,,,,,,,,,,,,,,
,,,0.001668,0.003848,-48.8,,,,,,,,,,,,,,,
,,,0.00167,0.00385,-48.8,,,,,,,,,,,,,,,
,,,0.001672,0.003852,-48.8,,,,,,,,,,,,,,,
,,,0.001674,0.003854,-48.8,,,,,,,,,,,,,,,
,,,0.001676,0.003856,-48.8,,,,,,,,,,,,,,,
,,,0.001678,0.003858,-48.8,,,,,,,,,,,,,,,
,,,0.00168,0.00386,-48.8,,,,,,,,,,,,,,,
,,,0.001682,0.003862,-48.8,,,,,,,,,,,,,,,
,,,0.001684,0.003864,-48.8,,,,,,,,,,,,,,,
,,,0.001686,0.003866,-48.8,,,,,,,,,,,,,,,
,,,0.001688,0.003868,-48.8,,,,,,,,,,,,,,,
,,,0.00169,0.00387,-48.8,,,,,,,,,,,,,,,
,,,0.001692,0.003872,-48.8,,,,,,,,,,,,,,,
,,,0.001694,0.003874,-48.8,,,,,,,,,,,,,,,
,,,0.001696,0.003876,-48.8,,,,,,,,,,,,,,,
,,,0.001698,0.003878,-48.8,,,,,,,,,,,,,,,
,,,0.0017,0.00388,-49.6,,,,,,,,,,,,,,,
,,,0.001702,0.003882,-49.6,,,,,,,,,,,,,,,
,,,0.001704,0.003884,-48.8,,,,,,,,,,,,,,,
,,,0.001706,0.003886,-49.6,,,,,,,,,,,,,,,
,,,0.001708,0.003888,-49.6,,,,,,,,,,,,,,,
,,,0.00171,0.00389,-48.8,,,,,,,,,,,,,,,
,,,0.001712,0.003892,-49.6,,,,,,,,,,,,,,,
,,,0.001714,0.003894,-49.6,,,,,,,,,,,,,,,
,,,0.001716,0.003896,-49.6,,,,,,,,,,,,,,,
,,,0.001718,0.003898,-49.6,,,,,,,,,,,,,,,
,,,0.00172,0.0039,-49.6,,,,,,,,,,,,,,,
,,,0.001722,0.003902,-49.6,,,,,,,,,,,,,,,
,,,0.001724,0.003904,-49.6,,,,,,,,,,,,,,,
,,,0.001726,0.003906,-49.6,,,,,,,,,,,,,,,
,,,0.001728,0.003908,-49.6,,,,,,,,,,,,,,,
,,,0.00173,0.00391,-49.6,,,,,,,,,,,,,,,
,,,0.001732,0.003912,-49.6,,,,,,,,,,,,,,,
,,,0.001734,0.003914,-49.6,,,,,,,,,,,,,,,
,,,0.001736,0.003916,-49.6,,,,,,,,,,,,,,,
,,,0.001738,0.003918,-49.6,,,,,,,,,,,,,,,
,,,0.00174,0.00392,-49.6,,,,,,,,,,,,,,,
,,,0.001742,0.003922,-49.6,,,,,,,,,,,,,,,
,,,0.001744,0.003924,-49.6,,,,,,,,,,,,,,,
,,,0.001746,0.003926,-49.6,,,,,,,,,,,,,,,
,,,0.001748,0.003928,-49.6,,,,,,,,,,,,,,,
,,,0.00175,0.00393,-49.6,,,,,,,,,,,,,,,
,,,0.001752,0.003932,-49.6,,,,,,,,,,,,,,,
,,,0.001754,0.003934,-49.6,,,,,,,,,,,,,,,
,,,0.001756,0.003936,-49.6,,,,,,,,,,,,,,,
,,,0.001758,0.003938,-49.6,,,,,,,,,,,,,,,
,,,0.00176,0.00394,-49.6,,,,,,,,,,,,,,,
,,,0.001762,0.003942,-49.6,,,,,,,,,,,,,,,
,,,0.001764,0.003944,-49.6,,,,,,,,,,,,,,,
,,,0.001766,0.003946,-49.6,,,,,,,,,,,,,,,
,,,0.001768,0.003948,-50.4,,,,,,,,,,,,,,,
,,,0.00177,0.00395,-49.6,,,,,,,,,,,,,,,
,,,0.001772,0.003952,-49.6,,,,,,,,,,,,,,,
,,,0.001774,0.003954,-50.4,,,,,,,,,,,,,,,
,,,0.001776,0.003956,-49.6,,,,,,,,,,,,,,,
,,,0.001778,0.003958,-49.6,,,,,,,,,,,,,,,
,,,0.00178,0.00396,-50.4,,,,,,,,,,,,,,,
,,,0.001782,0.003962,-49.6,,,,,,,,,,,,,,,
,,,0.001784,0.003964,-50.4,,,,,,,,,,,,,,,
,,,0.001786,0.003966,-49.6,,,,,,,,,,,,,,,
,,,0.001788,0.003968,-49.6,,,,,,,,,,,,,,,
,,,0.00179,0.00397,-49.6,,,,,,,,,,,,,,,
,,,0.001792,0.003972,-50.4,,,,,,,,,,,,,,,
,,,0.001794,0.003974,-50.4,,,,,,,,,,,,,,,
,,,0.001796,0.003976,-49.6,,,,,,,,,,,,,,,
,,,0.001798,0.003978,-50.4,,,,,,,,,,,,,,,
,,,0.0018,0.00398,-49.6,,,,,,,,,,,,,,,
,,,0.001802,0.003982,-49.6,,,,,,,,,,,,,,,
,,,0.001804,0.003984,-49.6,,,,,,,,,,,,,,,
,,,0.001806,0.003986,-50.4,,,,,,,,,,,,,,,
,,,0.001808,0.003988,-49.6,,,,,,,,,,,,,,,
,,,0.00181,0.00399,-49.6,,,,,,,,,,,,,,,
,,,0.001812,0.003992,-50.4,,,,,,,,,,,,,,,
,,,0.001814,0.003994,-49.6,,,,,,,,,,,,,,,
,,,0.001816,0.003996,-50.4,,,,,,,,,,,,,,,
,,,0.001818,0.003998,-50.4,,,,,,,,,,,,,,,
,,,0.00182,0.004,-49.6,,,,,,,,,,,,,,,
,,,0.001822,0.004002,-50.4,,,,,,,,,,,,,,,
,,,0.001824,0.004004,-49.6,,,,,,,,,,,,,,,
,,,0.001826,0.004006,-49.6,,,,,,,,,,,,,,,
,,,0.001828,0.004008,-50.4,,,,,,,,,,,,,,,
,,,0.00183,0.00401,-49.6,,,,,,,,,,,,,,,
,,,0.001832,0.004012,-49.6,,,,,,,,,,,,,,,
,,,0.001834,0.004014,-49.6,,,,,,,,,,,,,,,
,,,0.001836,0.004016,-49.6,,,,,,,,,,,,,,,
,,,0.001838,0.004018,-49.6,,,,,,,,,,,,,,,
,,,0.00184,0.00402,-49.6,,,,,,,,,,,,,,,
,,,0.001842,0.004022,-50.4,,,,,,,,,,,,,,,
,,,0.001844,0.004024,-50.4,,,,,,,,,,,,,,,
,,,0.001846,0.004026,-49.6,,,,,,,,,,,,,,,
,,,0.001848,0.004028,-50.4,,,,,,,,,,,,,,,
,,,0.00185,0.00403,-50.4,,,,,,,,,,,,,,,
,,,0.001852,0.004032,-50.4,,,,,,,,,,,,,,,
,,,0.001854,0.004034,-50.4,,,,,,,,,,,,,,,
,,,0.001856,0.004036,-49.6,,,,,,,,,,,,,,,
,,,0.001858,0.004038,-50.4,,,,,,,,,,,,,,,
,,,0.00186,0.00404,-49.6,,,,,,,,,,,,,,,
,,,0.001862,0.004042,-50.4,,,,,,,,,,,,,,,
,,,0.001864,0.004044,-50.4,,,,,,,,,,,,,,,
,,,0.001866,0.004046,-50.4,,,,,,,,,,,,,,,
,,,0.001868,0.004048,-49.6,,,,,,,,,,,,,,,
,,,0.00187,0.00405,-50.4,,,,,,,,,,,,,,,
,,,0.001872,0.004052,-49.6,,,,,,,,,,,,,,,
,,,0.001874,0.004054,-49.6,,,,,,,,,,,,,,,
,,,0.001876,0.004056,-50.4,,,,,,,,,,,,,,,
,,,0.001878,0.004058,-50.4,,,,,,,,,,,,,,,
,,,0.00188,0.00406,-49.6,,,,,,,,,,,,,,,
,,,0.001882,0.004062,-50.4,,,,,,,,,,,,,,,
,,,0.001884,0.004064,-49.6,,,,,,,,,,,,,,,
,,,0.001886,0.004066,-49.6,,,,,,,,,,,,,,,
,,,0.001888,0.004068,-49.6,,,,,,,,,,,,,,,
,,,0.00189,0.00407,-50.4,,,,,,,,,,,,,,,
,,,0.001892,0.004072,-50.4,,,,,,,,,,,,,,,
,,,0.001894,0.004074,-50.4,,,,,,,,,,,,,,,
,,,0.001896,0.004076,-50.4,,,,,,,,,,,,,,,
,,,0.001898,0.004078,-50.4,,,,,,,,,,,,,,,
,,,0.0019,0.00408,-50.4,,,,,,,,,,,,,,,
,,,0.001902,0.004082,-49.6,,,,,,,,,,,,,,,
,,,0.001904,0.004084,-50.4,,,,,,,,,,,,,,,
,,,0.001906,0.004086,-50.4,,,,,,,,,,,,,,,
,,,0.001908,0.004088,-50.4,,,,,,,,,,,,,,,
,,,0.00191,0.00409,-49.6,,,,,,,,,,,,,,,
,,,0.001912,0.004092,-50.4,,,,,,,,,,,,,,,
,,,0.001914,0.004094,-50.4,,,,,,,,,,,,,,,
,,,0.001916,0.004096,-50.4,,,,,,,,,,,,,,,
,,,0.001918,0.004098,-49.6,,,,,,,,,,,,,,,
,,,0.00192,0.0041,-50.4,,,,,,,,,,,,,,,
,,,0.001922,0.004102,-50.4,,,,,,,,,,,,,,,
,,,0.001924,0.004104,-50.4,,,,,,,,,,,,,,,
,,,0.001926,0.004106,-50.4,,,,,,,,,,,,,,,
,,,0.001928,0.004108,-50.4,,,,,,,,,,,,,,,
,,,0.00193,0.00411,-50.4,,,,,,,,,,,,,,,
,,,0.001932,0.004112,-50.4,,,,,,,,,,,,,,,
,,,0.001934,0.004114,-50.4,,,,,,,,,,,,,,,
,,,0.001936,0.004116,-50.4,,,,,,,,,,,,,,,
,,,0.001938,0.004118,-50.4,,,,,,,,,,,,,,,
,,,0.00194,0.00412,-50.4,,,,,,,,,,,,,,,
,,,0.001942,0.004122,-49.6,,,,,,,,,,,,,,,
,,,0.001944,0.004124,-49.6,,,,,,,,,,,,,,,
,,,0.001946,0.004126,-50.4,,,,,,,,,,,,,,,
,,,0.001948,0.004128,-50.4,,,,,,,,,,,,,,,
,,,0.00195,0.00413,-50.4,,,,,,,,,,,,,,,
,,,0.001952,0.004132,-50.4,,,,,,,,,,,,,,,
,,,0.001954,0.004134,-50.4,,,,,,,,,,,,,,,
,,,0.001956,0.004136,-49.6,,,,,,,,,,,,,,,
,,,0.001958,0.004138,-49.6,,,,,,,,,,,,,,,
,,,0.00196,0.00414,-48,,,,,,,,,,,,,,,
,,,0.001962,0.004142,-44.8,,,,,,,,,,,,,,,
,,,0.001964,0.004144,-40.8,,,,,,,,,,,,,,,
,,,0.001966,0.004146,-36.8,,,,,,,,,,,,,,,
,,,0.001968,0.004148,-33.6,,,,,,,,,,,,,,,
,,,0.00197,0.00415,-30.4,,,,,,,,,,,,,,,
,,,0.001972,0.004152,-27.2,,,,,,,,,,,,,,,
,,,0.001974,0.004154,-23.2,,,,,,,,,,,,,,,
,,,0.001976,0.004156,-20.8,,,,,,,,,,,,,,,
,,,0.001978,0.004158,-17.6,,,,,,,,,,,,,,,
,,,0.00198,0.00416,-15.2,,,,,,,,,,,,,,,
,,,0.001982,0.004162,-12.8,,,,,,,,,,,,,,,
,,,0.001984,0.004164,-9.6,,,,,,,,,,,,,,,
,,,0.001986,0.004166,-8,,,,,,,,,,,,,,,
,,,0.001988,0.004168,-5.6,,,,,,,,,,,,,,,
,,,0.00199,0.00417,-3.2,,,,,,,,,,,,,,,
,,,0.001992,0.004172,-0.8,,,,,,,,,,,,,,,
,,,0.001994,0.004174,1.6,,,,,,,,,,,,,,,
,,,0.001996,0.004176,3.2,,,,,,,,,,,,,,,
,,,0.001998,0.004178,4,,,,,,,,,,,,,,,
,,,0.002,0.00418,6.4,,,,,,,,,,,,,,,
,,,0.002002,0.004182,8,,,,,,,,,,,,,,,
,,,0.002004,0.004184,9.6,,,,,,,,,,,,,,,
,,,0.002006,0.004186,12,,,,,,,,,,,,,,,
,,,0.002008,0.004188,12.8,,,,,,,,,,,,,,,
,,,0.00201,0.00419,14.4,,,,,,,,,,,,,,,
,,,0.002012,0.004192,16,,,,,,,,,,,,,,,
,,,0.002014,0.004194,17.6,,,,,,,,,,,,,,,
,,,0.002016,0.004196,18.4,,,,,,,,,,,,,,,
,,,0.002018,0.004198,20,,,,,,,,,,,,,,,
,,,0.00202,0.0042,21.6,,,,,,,,,,,,,,,
,,,0.002022,0.004202,23.2,,,,,,,,,,,,,,,
,,,0.002024,0.004204,23.2,,,,,,,,,,,,,,,
,,,0.002026,0.004206,24,,,,,,,,,,,,,,,
,,,0.002028,0.004208,25.6,,,,,,,,,,,,,,,
,,,0.00203,0.00421,26.4,,,,,,,,,,,,,,,
,,,0.002032,0.004212,27.2,,,,,,,,,,,,,,,
,,,0.002034,0.004214,28,,,,,,,,,,,,,,,
,,,0.002036,0.004216,29.6,,,,,,,,,,,,,,,
,,,0.002038,0.004218,29.6,,,,,,,,,,,,,,,
,,,0.00204,0.00422,31.2,,,,,,,,,,,,,,,
,,,0.002042,0.004222,32,,,,,,,,,,,,,,,
,,,0.002044,0.004224,32,,,,,,,,,,,,,,,
,,,0.002046,0.004226,32.8,,,,,,,,,,,,,,,
,,,0.002048,0.004228,34.4,,,,,,,,,,,,,,,
,,,0.00205,0.00423,34.4,,,,,,,,,,,,,,,
,,,0.002052,0.004232,35.2,,,,,,,,,,,,,,,
,,,0.002054,0.004234,36,,,,,,,,,,,,,,,
,,,0.002056,0.004236,36,,,,,,,,,,,,,,,
,,,0.002058,0.004238,36.8,,,,,,,,,,,,,,,
,,,0.00206,0.00424,37.6,,,,,,,,,,,,,,,
,,,0.002062,0.004242,37.6,,,,,,,,,,,,,,,
,,,0.002064,0.004244,38.4,,,,,,,,,,,,,,,
,,,0.002066,0.004246,38.4,,,,,,,,,,,,,,,
,,,0.002068,0.004248,39.2,,,,,,,,,,,,,,,
,,,0.00207,0.00425,40,,,,,,,,,,,,,,,
,,,0.002072,0.004252,40,,,,,,,,,,,,,,,
,,,0.002074,0.004254,40.8,,,,,,,,,,,,,,,
,,,0.002076,0.004256,41.6,,,,,,,,,,,,,,,
,,,0.002078,0.004258,41.6,,,,,,,,,,,,,,,
,,,0.00208,0.00426,41.6,,,,,,,,,,,,,,,
,,,0.002082,0.004262,42.4,,,,,,,,,,,,,,,
,,,0.002084,0.004264,42.4,,,,,,,,,,,,,,,
,,,0.002086,0.004266,42.4,,,,,,,,,,,,,,,
,,,0.002088,0.004268,43.2,,,,,,,,,,,,,,,
,,,0.00209,0.00427,43.2,,,,,,,,,,,,,,,
,,,0.002092,0.004272,44,,,,,,,,,,,,,,,
,,,0.002094,0.004274,44,,,,,,,,,,,,,,,
,,,0.002096,0.004276,44,,,,,,,,,,,,,,,
,,,0.002098,0.004278,44.8,,,,,,,,,,,,,,,
,,,0.0021,0.00428,44.8,,,,,,,,,,,,,,,
,,,0.002102,0.004282,44.8,,,,,,,,,,,,,,,
,,,0.002104,0.004284,45.6,,,,,,,,,,,,,,,
,,,0.002106,0.004286,45.6,,,,,,,,,,,,,,,
,,,0.002108,0.004288,45.6,,,,,,,,,,,,,,,
,,,0.00211,0.00429,45.6,,,,,,,,,,,,,,,
,,,0.002112,0.004292,45.6,,,,,,,,,,,,,,,
,,,0.002114,0.004294,45.6,,,,,,,,,,,,,,,
,,,0.002116,0.004296,46.4,,,,,,,,,,,,,,,
,,,0.002118,0.004298,46.4,,,,,,,,,,,,,,,
,,,0.00212,0.0043,46.4,,,,,,,,,,,,,,,
,,,0.002122,0.004302,47.2,,,,,,,,,,,,,,,
,,,0.002124,0.004304,46.4,,,,,,,,,,,,,,,
,,,0.002126,0.004306,47.2,,,,,,,,,,,,,,,
,,,0.002128,0.004308,47.2,,,,,,,,,,,,,,,
,,,0.00213,0.00431,47.2,,,,,,,,,,,,,,,
,,,0.002132,0.004312,47.2,,,,,,,,,,,,,,,
,,,0.002134,0.004314,47.2,,,,,,,,,,,,,,,
,,,0.002136,0.004316,47.2,,,,,,,,,,,,,,,
,,,0.002138,0.004318,48,,,,,,,,,,,,,,,
,,,0.00214,0.00432,47.2,,,,,,,,,,,,,,,
,,,0.002142,0.004322,48,,,,,,,,,,,,,,,
,,,0.002144,0.004324,48,,,,,,,,,,,,,,,
,,,0.002146,0.004326,48.8,,,,,,,,,,,,,,,
,,,0.002148,0.004328,48,,,,,,,,,,,,,,,
,,,0.00215,0.00433,48.8,,,,,,,,,,,,,,,
,,,0.002152,0.004332,48,,,,,,,,,,,,,,,
,,,0.002154,0.004334,48.8,,,,,,,,,,,,,,,
,,,0.002156,0.004336,48.8,,,,,,,,,,,,,,,
,,,0.002158,0.004338,48,,,,,,,,,,,,,,,
,,,0.00216,0.00434,48.8,,,,,,,,,,,,,,,
,,,0.002162,0.004342,48.8,,,,,,,,,,,,,,,
,,,0.002164,0.004344,48.8,,,,,,,,,,,,,,,
,,,0.002166,0.004346,48.8,,,,,,,,,,,,,,,
,,,0.002168,0.004348,49.6,,,,,,,,,,,,,,,
,,,0.00217,0.00435,48.8,,,,,,,,,,,,,,,
,,,0.002172,0.004352,48.8,,,,,,,,,,,,,,,
,,,0.002174,0.004354,48.8,,,,,,,,,,,,,,,
,,,0.002176,0.004356,49.6,,,,,,,,,,,,,,,
,,,0.002178,0.004358,49.6,,,,,,,,,,,,,,,
,,,0.00218,0.00436,49.6,,,,,,,,,,,,,,,
,,,0.002182,0.004362,49.6,,,,,,,,,,,,,,,
,,,0.002184,0.004364,49.6,,,,,,,,,,,,,,,
,,,0.002186,0.004366,49.6,,,,,,,,,,,,,,,
,,,0.002188,0.004368,49.6,,,,,,,,,,,,,,,
,,,0.00219,0.00437,49.6,,,,,,,,,,,,,,,
,,,0.002192,0.004372,49.6,,,,,,,,,,,,,,,
,,,0.002194,0.004374,49.6,,,,,,,,,,,,,,,
,,,0.002196,0.004376,49.6,,,,,,,,,,,,,,,
,,,0.002198,0.004378,49.6,,,,,,,,,,,,,,,
,,,0.0022,0.00438,49.6,,,,,,,,,,,,,,,
,,,0.002202,0.004382,49.6,,,,,,,,,,,,,,,
,,,0.002204,0.004384,49.6,,,,,,,,,,,,,,,
,,,0.002206,0.004386,49.6,,,,,,,,,,,,,,,
,,,0.002208,0.004388,49.6,,,,,,,,,,,,,,,
,,,0.00221,0.00439,49.6,,,,,,,,,,,,,,,
,,,0.002212,0.004392,49.6,,,,,,,,,,,,,,,
,,,0.002214,0.004394,49.6,,,,,,,,,,,,,,,
,,,0.002216,0.004396,49.6,,,,,,,,,,,,,,,
,,,0.002218,0.004398,50.4,,,,,,,,,,,,,,,
,,,0.00222,0.0044,50.4,,,,,,,,,,,,,,,
,,,0.002222,0.004402,50.4,,,,,,,,,,,,,,,
,,,0.002224,0.004404,49.6,,,,,,,,,,,,,,,
,,,0.002226,0.004406,49.6,,,,,,,,,,,,,,,
,,,0.002228,0.004408,50.4,,,,,,,,,,,,,,,
,,,0.00223,0.00441,50.4,,,,,,,,,,,,,,,
,,,0.002232,0.004412,49.6,,,,,,,,,,,,,,,
,,,0.002234,0.004414,49.6,,,,,,,,,,,,,,,
,,,0.002236,0.004416,49.6,,,,,,,,,,,,,,,
,,,0.002238,0.004418,50.4,,,,,,,,,,,,,,,
,,,0.00224,0.00442,50.4,,,,,,,,,,,,,,,
,,,0.002242,0.004422,49.6,,,,,,,,,,,,,,,
,,,0.002244,0.004424,50.4,,,,,,,,,,,,,,,
,,,0.002246,0.004426,49.6,,,,,,,,,,,,,,,
,,,0.002248,0.004428,50.4,,,,,,,,,,,,,,,
,,,0.00225,0.00443,50.4,,,,,,,,,,,,,,,
,,,0.002252,0.004432,49.6,,,,,,,,,,,,,,,
,,,0.002254,0.004434,50.4,,,,,,,,,,,,,,,
,,,0.002256,0.004436,50.4,,,,,,,,,,,,,,,
,,,0.002258,0.004438,50.4,,,,,,,,,,,,,,,
,,,0.00226,0.00444,49.6,,,,,,,,,,,,,,,
,,,0.002262,0.004442,49.6,,,,,,,,,,,,,,,
,,,0.002264,0.004444,50.4,,,,,,,,,,,,,,,
,,,0.002266,0.004446,50.4,,,,,,,,,,,,,,,
,,,0.002268,0.004448,50.4,,,,,,,,,,,,,,,
,,,0.00227,0.00445,50.4,,,,,,,,,,,,,,,
,,,0.002272,0.004452,50.4,,,,,,,,,,,,,,,
,,,0.002274,0.004454,49.6,,,,,,,,,,,,,,,
,,,0.002276,0.004456,50.4,,,,,,,,,,,,,,,
,,,0.002278,0.004458,50.4,,,,,,,,,,,,,,,
,,,0.00228,0.00446,50.4,,,,,,,,,,,,,,,
,,,0.002282,0.004462,50.4,,,,,,,,,,,,,,,
,,,0.002284,0.004464,50.4,,,,,,,,,,,,,,,
,,,0.002286,0.004466,50.4,,,,,,,,,,,,,,,
,,,0.002288,0.004468,50.4,,,,,,,,,,,,,,,
,,,0.00229,0.00447,50.4,,,,,,,,,,,,,,,
,,,0.002292,0.004472,50.4,,,,,,,,,,,,,,,
,,,0.002294,0.004474,50.4,,,,,,,,,,,,,,,
,,,0.002296,0.004476,50.4,,,,,,,,,,,,,,,
,,,0.002298,0.004478,50.4,,,,,,,,,,,,,,,
,,,0.0023,0.00448,50.4,,,,,,,,,,,,,,,
,,,0.002302,0.004482,50.4,,,,,,,,,,,,,,,
,,,0.002304,0.004484,50.4,,,,,,,,,,,,,,,
,,,0.002306,0.004486,50.4,,,,,,,,,,,,,,,
,,,0.002308,0.004488,50.4,,,,,,,,,,,,,,,
,,,0.00231,0.00449,50.4,,,,,,,,,,,,,,,
,,,0.002312,0.004492,50.4,,,,,,,,,,,,,,,
,,,0.002314,0.004494,50.4,,,,,,,,,,,,,,,
,,,0.002316,0.004496,50.4,,,,,,,,,,,,,,,
,,,0.002318,0.004498,50.4,,,,,,,,,,,,,,,
,,,0.00232,0.0045,50.4,,,,,,,,,,,,,,,
,,,0.002322,0.004502,50.4,,,,,,,,,,,,,,,
,,,0.002324,0.004504,50.4,,,,,,,,,,,,,,,
,,,0.002326,0.004506,50.4,,,,,,,,,,,,,,,
,,,0.002328,0.004508,50.4,,,,,,,,,,,,,,,
,,,0.00233,0.00451,50.4,,,,,,,,,,,,,,,
,,,0.002332,0.004512,50.4,,,,,,,,,,,,,,,
,,,0.002334,0.004514,50.4,,,,,,,,,,,,,,,
,,,0.002336,0.004516,50.4,,,,,,,,,,,,,,,
,,,0.002338,0.004518,50.4,,,,,,,,,,,,,,,
,,,0.00234,0.00452,50.4,,,,,,,,,,,,,,,
,,,0.002342,0.004522,50.4,,,,,,,,,,,,,,,
,,,0.002344,0.004524,50.4,,,,,,,,,,,,,,,
,,,0.002346,0.004526,50.4,,,,,,,,,,,,,,,
,,,0.002348,0.004528,50.4,,,,,,,,,,,,,,,
,,,0.00235,0.00453,50.4,,,,,,,,,,,,,,,
,,,0.002352,0.004532,50.4,,,,,,,,,,,,,,,
,,,0.002354,0.004534,50.4,,,,,,,,,,,,,,,
,,,0.002356,0.004536,51.2,,,,,,,,,,,,,,,
,,,0.002358,0.004538,50.4,,,,,,,,,,,,,,,
,,,0.00236,0.00454,50.4,,,,,,,,,,,,,,,
,,,0.002362,0.004542,50.4,,,,,,,,,,,,,,,
,,,0.002364,0.004544,50.4,,,,,,,,,,,,,,,
,,,0.002366,0.004546,50.4,,,,,,,,,,,,,,,
,,,0.002368,0.004548,50.4,,,,,,,,,,,,,,,
,,,0.00237,0.00455,50.4,,,,,,,,,,,,,,,
,,,0.002372,0.004552,50.4,,,,,,,,,,,,,,,
,,,0.002374,0.004554,50.4,,,,,,,,,,,,,,,
,,,0.002376,0.004556,50.4,,,,,,,,,,,,,,,
,,,0.002378,0.004558,50.4,,,,,,,,,,,,,,,
,,,0.00238,0.00456,50.4,,,,,,,,,,,,,,,
,,,0.002382,0.004562,50.4,,,,,,,,,,,,,,,
,,,0.002384,0.004564,50.4,,,,,,,,,,,,,,,
,,,0.002386,0.004566,50.4,,,,,,,,,,,,,,,
,,,0.002388,0.004568,50.4,,,,,,,,,,,,,,,
,,,0.00239,0.00457,50.4,,,,,,,,,,,,,,,
,,,0.002392,0.004572,50.4,,,,,,,,,,,,,,,
,,,0.002394,0.004574,50.4,,,,,,,,,,,,,,,
,,,0.002396,0.004576,50.4,,,,,,,,,,,,,,,
,,,0.002398,0.004578,50.4,,,,,,,,,,,,,,,
,,,0.0024,0.00458,50.4,,,,,,,,,,,,,,,
,,,0.002402,0.004582,50.4,,,,,,,,,,,,,,,
,,,0.002404,0.004584,50.4,,,,,,,,,,,,,,,
,,,0.002406,0.004586,50.4,,,,,,,,,,,,,,,
,,,0.002408,0.004588,50.4,,,,,,,,,,,,,,,
,,,0.00241,0.00459,50.4,,,,,,,,,,,,,,,
,,,0.002412,0.004592,50.4,,,,,,,,,,,,,,,
,,,0.002414,0.004594,50.4,,,,,,,,,,,,,,,
,,,0.002416,0.004596,50.4,,,,,,,,,,,,,,,
,,,0.002418,0.004598,50.4,,,,,,,,,,,,,,,
,,,0.00242,0.0046,50.4,,,,,,,,,,,,,,,
,,,0.002422,0.004602,50.4,,,,,,,,,,,,,,,
,,,0.002424,0.004604,50.4,,,,,,,,,,,,,,,
,,,0.002426,0.004606,51.2,,,,,,,,,,,,,,,
,,,0.002428,0.004608,51.2,,,,,,,,,,,,,,,
,,,0.00243,0.00461,50.4,,,,,,,,,,,,,,,
,,,0.002432,0.004612,50.4,,,,,,,,,,,,,,,
,,,0.002434,0.004614,50.4,,,,,,,,,,,,,,,
,,,0.002436,0.004616,50.4,,,,,,,,,,,,,,,
,,,0.002438,0.004618,50.4,,,,,,,,,,,,,,,
,,,0.00244,0.00462,50.4,,,,,,,,,,,,,,,
,,,0.002442,0.004622,50.4,,,,,,,,,,,,,,,
,,,0.002444,0.004624,50.4,,,,,,,,,,,,,,,
,,,0.002446,0.004626,51.2,,,,,,,,,,,,,,,
,,,0.002448,0.004628,50.4,,,,,,,,,,,,,,,
,,,0.00245,0.00463,50.4,,,,,,,,,,,,,,,
,,,0.002452,0.004632,50.4,,,,,,,,,,,,,,,
,,,0.002454,0.004634,50.4,,,,,,,,,,,,,,,
,,,0.002456,0.004636,50.4,,,,,,,,,,,,,,,
,,,0.002458,0.004638,50.4,,,,,,,,,,,,,,,
,,,0.00246,0.00464,51.2,,,,,,,,,,,,,,,
,,,0.002462,0.004642,48,,,,,,,,,,,,,,,
,,,0.002464,0.004644,44,,,,,,,,,,,,,,,
,,,0.002466,0.004646,40,,,,,,,,,,,,,,,
,,,0.002468,0.004648,36.8,,,,,,,,,,,,,,,
,,,0.00247,0.00465,33.6,,,,,,,,,,,,,,,
,,,0.002472,0.004652,29.6,,,,,,,,,,,,,,,
,,,0.002474,0.004654,26.4,,,,,,,,,,,,,,,
,,,0.002476,0.004656,24,,,,,,,,,,,,,,,
,,,0.002478,0.004658,20.8,,,,,,,,,,,,,,,
,,,0.00248,0.00466,18.4,,,,,,,,,,,,,,,
,,,0.002482,0.004662,15.2,,,,,,,,,,,,,,,
,,,0.002484,0.004664,12.8,,,,,,,,,,,,,,,
,,,0.002486,0.004666,10.4,,,,,,,,,,,,,,,
,,,0.002488,0.004668,8,,,,,,,,,,,,,,,
,,,0.00249,0.00467,5.6,,,,,,,,,,,,,,,
,,,0.002492,0.004672,4,,,,,,,,,,,,,,,
,,,0.002494,0.004674,1.6,,,,,,,,,,,,,,,
,,,0.002496,0.004676,-0.8,,,,,,,,,,,,,,,
,,,0.002498,0.004678,-2.4,,,,,,,,,,,,,,,
